{
	"__comment": "Model created for Prime's HD Textures - Foliage Addon (2020)",
    "ambientocclusion": false,
    "textures": {
        "particle": "block/tall_grass_top",
		"grass": "block/tall_grass_top"
    },
    "elements": [
        {   "from": [ 0.8, 0, 8 ],
            "to": [ 15.2, 16, 8 ],
            "rotation": { "origin": [ 8, 8, 8 ], "axis": "y", "angle": 45, "rescale": true },
            "shade": false,
            "faces": {
                "north": { "uv": [ 0, 0, 16, 16 ], "texture": "#grass", "tintindex": 0 },
                "south": { "uv": [ 0, 0, 16, 16 ], "texture": "#grass", "tintindex": 0 }
            }
        },
        {   "from": [ 8, 0, 0.8 ],
            "to": [ 8, 16, 15.2 ],
            "rotation": { "origin": [ 8, 8, 8 ], "axis": "y", "angle": 45, "rescale": true },
            "shade": false,
            "faces": {
                "west": { "uv": [ 0, 0, 16, 16 ], "texture": "#grass", "tintindex": 0 },
                "east": { "uv": [ 0, 0, 16, 16 ], "texture": "#grass", "tintindex": 0 }
            }
        },
		{   "from": [ 0.8, -6, 8 ],
            "to": [ 15.2, 10, 8 ],
            "rotation": { "origin": [ 8, 8, 8 ], "axis": "y", "angle": 0, "rescale": true },
            "shade": false,
            "faces": {
                "north": { "uv": [ 0, 0, 16, 16 ], "texture": "#grass", "tintindex": 0 },
                "south": { "uv": [ 0, 0, 16, 16 ], "texture": "#grass", "tintindex": 0 }
            }
        },
        {   "from": [ 8, -6, 0.8 ],
            "to": [ 8, 10, 15.2 ],
            "rotation": { "origin": [ 8, 8, 8 ], "axis": "y", "angle": 0, "rescale": true },
            "shade": false,
            "faces": {
                "west": { "uv": [ 0, 0, 16, 16 ], "texture": "#grass", "tintindex": 0 },
                "east": { "uv": [ 0, 0, 16, 16 ], "texture": "#grass", "tintindex": 0 }
            }
        }
    ]
}
