{
    "__comment": "Model created for Prime's HD Textures - Foliage Addon (2020)",
    "textures": {
        "extras": "#leaves",
		"particle": "#leaves"
    },
    "display": {
        "gui": {
            "rotation": [ 30, 45, 0 ],
            "translation": [ 0, 0, 0 ],
            "scale": [ 0.625, 0.625, 0.625 ]
        },
        "ground": {
            "rotation": [ 0, 0, 0 ],
            "translation": [ 0, 3, 0 ],
            "scale": [ 0.25, 0.25, 0.25 ]
        },
        "fixed": {
            "rotation": [ 0, 180, 0 ],
            "translation": [ 0, 0, 0 ],
            "scale": [ 1, 1, 1 ]
        },
        "head": {
            "rotation": [ 0, 180, 0 ],
            "translation": [ 0, 0, 0 ],
            "scale": [ 1, 1, 1 ]
        },
        "firstperson_righthand": {
            "rotation": [ 0, 315, 0 ],
            "translation": [ 0, 2.5, 0 ],
            "scale": [ 0.4, 0.4, 0.4 ]
        },
        "thirdperson_righthand": {
            "rotation": [ 75, 315, 0 ],
            "translation": [ 0, 2.5, 0 ],
            "scale": [ 0.375, 0.375, 0.375 ]
        }
    },
    "elements": [
        {
            "name": "Extra Leaves",
            "from": [ 8, -8, -8 ], 
            "to": [ 8, 24, 24 ], 
			"shade": false,
            "rotation": { "origin": [ 8, 8, 8 ], "axis": "y", "angle": -22.5 },
            "faces": {
                "east": { "texture": "#extras", "uv": [ 0, 0, 16, 16 ], "tintindex": 0 },
                "west": { "texture": "#extras", "uv": [ 0, 0, 16, 16 ], "tintindex": 0 }
            }
        },
        {
            "name": "Extra Leaves",
            "from": [ -8, -8, 8 ], 
            "to": [ 24, 24, 8 ], 
			"shade": false,
            "rotation": { "origin": [ 8, 8, 8 ], "axis": "y", "angle": -22.5 },
            "faces": {
                "north": { "texture": "#extras", "uv": [ 0, 0, 16, 16 ], "tintindex": 0 },
                "south": { "texture": "#extras", "uv": [ 0, 0, 16, 16 ], "tintindex": 0 }
            }
        },
		{
            "name": "Extra Leaves",
            "from": [ -8, 8, -8 ], 
            "to": [ 24, 8, 24 ], 
			"shade": false,
			"rotation": { "origin": [ 8, 8, 8 ], "axis": "x", "angle": -22.5 },
            "faces": {
                "up": { "texture": "#extras", "uv": [ 0, 0, 16, 16 ], "tintindex": 0 },
                "down": { "texture": "#extras", "uv": [ 0, 0, 16, 16 ], "tintindex": 0 }
            }
        }
    ]
}