{
	"credit": "Made with Blockbench",
	"parent": "block/block",
	"textures": {
		"2": "block/leaves/leaves_apples",
		"particle": "block/leaves/dark_oak_leaves",
		"all": "block/leaves/dark_oak_leaves",
		"bushy": "block/leaves/dark_oak_leaves_bushy_0"
	},
	"elements": [
		{
			"from": [0, 0, 0],
			"to": [16, 16, 16],
			"faces": {
				"north": {"uv": [0, 0, 16, 16], "texture": "#all", "cullface": "north", "tintindex": 0},
				"east": {"uv": [0, 0, 16, 16], "texture": "#all", "cullface": "east", "tintindex": 0},
				"south": {"uv": [0, 0, 16, 16], "texture": "#all", "cullface": "south", "tintindex": 0},
				"west": {"uv": [0, 0, 16, 16], "texture": "#all", "cullface": "west", "tintindex": 0},
				"up": {"uv": [0, 0, 16, 16], "texture": "#all", "cullface": "up", "tintindex": 0},
				"down": {"uv": [16, 16, 0, 0], "texture": "#all", "cullface": "down", "tintindex": 0}
			}
		},
		{
			"from": [8.47721, -6, -9.35896],
			"to": [8.47721, 22, 22.64104],
			"rotation": {"angle": -22.5, "axis": "y", "origin": [8.47721, 8, 6.64104]},
			"faces": {
				"east": {"uv": [0, 0, 16, 16], "texture": "#bushy", "tintindex": 0},
				"west": {"uv": [0, 0, 16, 16], "texture": "#bushy", "tintindex": 0}
			}
		},
		{
			"from": [-7.46386, -6, 6.9967],
			"to": [24.53614, 22, 6.9967],
			"rotation": {"angle": -22.5, "axis": "y", "origin": [8.53614, 8, 6.9967]},
			"faces": {
				"north": {"uv": [0, 0, 16, 16], "texture": "#bushy", "tintindex": 0},
				"south": {"uv": [0, 0, 16, 16], "texture": "#bushy", "tintindex": 0}
			}
		},
		{
			"name": "apple6",
			"from": [10.6, 8.6, -1.4],
			"to": [13.4, 11.4, 1.4],
			"rotation": {"angle": -22.5, "axis": "y", "origin": [12, 10, 0]},
			"faces": {
				"north": {"uv": [0, 8, 8, 16], "texture": "#2"},
				"east": {"uv": [0, 0, 8, 8], "texture": "#2"},
				"south": {"uv": [0, 0, 8, 8], "texture": "#2"},
				"west": {"uv": [0, 0, 8, 8], "texture": "#2"},
				"up": {"uv": [8, 0, 16, 8], "texture": "#2"},
				"down": {"uv": [8, 8, 16, 16], "texture": "#2"}
			}
		},
		{
			"name": "apple1",
			"from": [2.4, 2.4, -1.6],
			"to": [5.6, 5.6, 1.6],
			"rotation": {"angle": 0, "axis": "y", "origin": [4, 4, 0]},
			"faces": {
				"north": {"uv": [0, 8, 8, 16], "texture": "#2"},
				"east": {"uv": [0, 0, 8, 8], "texture": "#2"},
				"south": {"uv": [0, 0, 8, 8], "texture": "#2"},
				"west": {"uv": [0, 0, 8, 8], "texture": "#2"},
				"up": {"uv": [8, 0, 16, 8], "texture": "#2"},
				"down": {"uv": [8, 8, 16, 16], "texture": "#2"}
			}
		},
		{
			"name": "apple2",
			"from": [-1.9, 9.1, 10.1],
			"to": [1.9, 12.9, 13.9],
			"rotation": {"angle": 0, "axis": "y", "origin": [0, 9, 11]},
			"faces": {
				"north": {"uv": [0, 0, 8, 8], "texture": "#2"},
				"east": {"uv": [0, 0, 8, 8], "texture": "#2"},
				"south": {"uv": [0, 0, 8, 8], "texture": "#2"},
				"west": {"uv": [0, 8, 8, 16], "texture": "#2"},
				"up": {"uv": [8, 0, 16, 8], "rotation": 270, "texture": "#2"},
				"down": {"uv": [8, 8, 16, 16], "rotation": 90, "texture": "#2"}
			}
		},
		{
			"name": "apple3",
			"from": [14.24597, 10.1, 4.33882],
			"to": [18.04597, 13.9, 8.13882],
			"rotation": {"angle": 0, "axis": "y", "origin": [15.14597, 7, 9.23882]},
			"faces": {
				"north": {"uv": [0, 0, 8, 8], "texture": "#2"},
				"east": {"uv": [0, 8, 8, 16], "texture": "#2"},
				"south": {"uv": [0, 0, 8, 8], "texture": "#2"},
				"west": {"uv": [0, 0, 8, 8], "texture": "#2"},
				"up": {"uv": [8, 0, 16, 8], "rotation": 90, "texture": "#2"},
				"down": {"uv": [8, 8, 16, 16], "rotation": 270, "texture": "#2"}
			}
		},
		{
			"name": "apple4",
			"from": [2.39597, -1.5, 2.98882],
			"to": [5.89597, 2, 6.48882],
			"rotation": {"angle": 22.5, "axis": "y", "origin": [4.14597, -0.25, 4.73882]},
			"faces": {
				"north": {"uv": [0, 0, 8, 8], "texture": "#2"},
				"east": {"uv": [0, 8, 8, 16], "texture": "#2"},
				"south": {"uv": [0, 0, 8, 8], "texture": "#2"},
				"west": {"uv": [0, 0, 8, 8], "texture": "#2"},
				"up": {"uv": [8, 0, 16, 8], "rotation": 90, "texture": "#2"},
				"down": {"uv": [8, 8, 16, 16], "rotation": 270, "texture": "#2"}
			}
		},
		{
			"name": "apple5",
			"from": [9.94415, -1.75, 10.79256],
			"to": [12.94415, 1.25, 13.79256],
			"rotation": {"angle": -45, "axis": "y", "origin": [11.44415, -0.25, 9.29256]},
			"faces": {
				"north": {"uv": [0, 0, 8, 8], "texture": "#2"},
				"east": {"uv": [0, 8, 8, 16], "texture": "#2"},
				"south": {"uv": [0, 0, 8, 8], "texture": "#2"},
				"west": {"uv": [0, 0, 8, 8], "texture": "#2"},
				"up": {"uv": [8, 0, 16, 8], "rotation": 90, "texture": "#2"},
				"down": {"uv": [8, 8, 16, 16], "rotation": 270, "texture": "#2"}
			}
		},
		{
			"name": "apple4",
			"from": [8.4, 4.4, 14.4],
			"to": [11.6, 7.6, 17.6],
			"rotation": {"angle": 22.5, "axis": "y", "origin": [9, 5, 16]},
			"faces": {
				"north": {"uv": [0, 0, 8, 8], "texture": "#2"},
				"east": {"uv": [0, 0, 8, 8], "texture": "#2"},
				"south": {"uv": [0, 8, 8, 16], "texture": "#2"},
				"west": {"uv": [0, 0, 8, 8], "texture": "#2"},
				"up": {"uv": [8, 0, 16, 8], "rotation": 180, "texture": "#2"},
				"down": {"uv": [8, 8, 16, 16], "rotation": 180, "texture": "#2"}
			}
		},
		{
			"name": "apple5",
			"from": [-1.1, 6.9, 2.9],
			"to": [1.1, 9.1, 5.1],
			"rotation": {"angle": -22.5, "axis": "y", "origin": [0, 8, 4]},
			"faces": {
				"north": {"uv": [0, 0, 8, 8], "texture": "#2"},
				"east": {"uv": [0, 0, 8, 8], "texture": "#2"},
				"south": {"uv": [0, 0, 8, 8], "texture": "#2"},
				"west": {"uv": [0, 8, 8, 16], "texture": "#2"},
				"up": {"uv": [8, 0, 16, 8], "rotation": 270, "texture": "#2"},
				"down": {"uv": [8, 8, 16, 16], "rotation": 90, "texture": "#2"}
			}
		}
	]
}