{
	"credit": "Bray was here :)",
	"textures": {
		"particle": "block/leaves/oak_leaves",
		"all": "block/leaves/oak_leaves"
	},
	"elements": [
		{
			"name": "leaves_main",
			"from": [0, 0, 0],
			"to": [16, 16, 16],
			"faces": {
				"north": {"uv": [0, 0, 16, 16], "texture": "#all", "cullface": "north", "tintindex": 0},
				"east": {"uv": [0, 0, 16, 16], "texture": "#all", "cullface": "east", "tintindex": 0},
				"south": {"uv": [0, 0, 16, 16], "texture": "#all", "cullface": "south", "tintindex": 0},
				"west": {"uv": [0, 0, 16, 16], "texture": "#all", "cullface": "west", "tintindex": 0},
				"up": {"uv": [0, 0, 16, 16], "texture": "#all", "cullface": "up", "tintindex": 0},
				"down": {"uv": [0, 0, 16, 16], "texture": "#all", "cullface": "down", "tintindex": 0}
			}
		},
		{
			"name": "leaves_main",
			"from": [0, 9, -3.75],
			"to": [16, 9, 18.75],
			"rotation": {"angle": -45, "axis": "x", "origin": [8, 9, 9]},
			"faces": {
				"up": {"uv": [0, 0, 16, 16], "texture": "#all", "cullface": "up", "tintindex": 0},
				"down": {"uv": [0, 0, 16, 16], "texture": "#all", "cullface": "down", "tintindex": 0}
			}
		},
		{
			"name": "leaves_main",
			"from": [0, 7.93934, -3.31066],
			"to": [16, 7.93934, 19.18934],
			"rotation": {"angle": 45, "axis": "x", "origin": [8, 7.93934, 7.93934]},
			"faces": {
				"up": {"uv": [0, 0, 16, 16], "texture": "#all", "cullface": "up", "tintindex": 0},
				"down": {"uv": [0, 0, 16, 16], "texture": "#all", "cullface": "down", "tintindex": 0}
			}
		},
		{
			"name": "leaves_main",
			"from": [-3.25, 7.93934, -0.06066],
			"to": [19.25, 7.93934, 15.93934],
			"rotation": {"angle": -45, "axis": "z", "origin": [8, 7.93934, 7.93934]},
			"faces": {
				"up": {"uv": [0, 0, 16, 16], "rotation": 90, "texture": "#all", "cullface": "up", "tintindex": 0},
				"down": {"uv": [0, 0, 16, 16], "rotation": 270, "texture": "#all", "cullface": "down", "tintindex": 0}
			}
		},
		{
			"name": "leaves_main",
			"from": [-3.25, 7.93934, -0.06066],
			"to": [19.25, 7.93934, 15.93934],
			"rotation": {"angle": 45, "axis": "z", "origin": [8, 7.93934, 7.93934]},
			"faces": {
				"up": {"uv": [0, 0, 16, 16], "rotation": 90, "texture": "#all", "cullface": "up", "tintindex": 0},
				"down": {"uv": [0, 0, 16, 16], "rotation": 270, "texture": "#all", "cullface": "down", "tintindex": 0}
			}
		}
	]
}