{
	"credit": "Made with Blockbench",
	"parent": "block/block",
	"ambientocclusion": false,
	"textures": {
		"particle": "#all"
	},
	"elements": [
		{
			"from": [0, 0, 0],
			"to": [16, 16, 16],
			"shade": true,
			"faces": {
				"north": {"uv": [0, 0, 16, 16], "texture": "#all", "cullface": "north", "tintindex": 0},
				"east": {"uv": [0, 0, 16, 16], "texture": "#all", "cullface": "east", "tintindex": 0},
				"south": {"uv": [0, 0, 16, 16], "texture": "#all", "cullface": "south", "tintindex": 0},
				"west": {"uv": [0, 0, 16, 16], "texture": "#all", "cullface": "west", "tintindex": 0},
				"up": {"uv": [0, 0, 16, 16], "texture": "#all", "cullface": "up", "tintindex": 0},
				"down": {"uv": [16, 16, 0, 0], "texture": "#all", "cullface": "down", "tintindex": 0}
			}
		},
		{
			"from": [8.47721, -6, -9.35896],
			"to": [8.47721, 22, 22.64104],
			"shade": true,
			"rotation": {"angle": -22.5, "axis": "y", "origin": [8.47721, 8, 6.64104]},
			"faces": {
				"east": {"uv": [0, 0, 16, 16], "texture": "#bushy", "tintindex": 0},
				"west": {"uv": [0, 0, 16, 16], "texture": "#bushy", "tintindex": 0}
			}
		},
		{
			"from": [-7.46386, -6, 6.9967],
			"to": [24.53614, 22, 6.9967],
			"shade": true,
			"rotation": {"angle": -22.5, "axis": "y", "origin": [8.53614, 8, 6.9967]},
			"faces": {
				"north": {"uv": [0, 0, 16, 16], "texture": "#bushy", "tintindex": 0},
				"south": {"uv": [0, 0, 16, 16], "texture": "#bushy", "tintindex": 0}
			}
		}
	]
}