{
	"textures": {
		"side": "block/moss_carpet_side",
		"moss": "block/moss_block",
		"particle": "block/moss_block"
	},
	"elements": [
		{
			"from": [0, 0, 0],
			"to": [16, 1, 16],
			"faces": {
				"north": {"uv": [0, 15, 16, 16], "texture": "#moss", "cullface": "north"},
				"east": {"uv": [0, 15, 16, 16], "texture": "#moss", "cullface": "east"},
				"south": {"uv": [0, 15, 16, 16], "texture": "#moss", "cullface": "south"},
				"west": {"uv": [0, 15, 16, 16], "texture": "#moss", "cullface": "west"},
				"up": {"uv": [0, 0, 16, 16], "texture": "#moss"},
				"down": {"uv": [0, 0, 16, 16], "texture": "#moss", "cullface": "down"}
			}
		},
		{
			"from": [-0.01, -5.01, -0.01],
			"to": [16.01, 0.01, 16.01],
			"faces": {
				"north": {"uv": [0, 0, 16, 5], "texture": "#side"},
				"east": {"uv": [0, 0, 16, 5], "texture": "#side"},
				"south": {"uv": [0, 0, 16, 5], "texture": "#side"},
				"west": {"uv": [0, 0, 16, 5], "texture": "#side"}
			}
		}
	],
	"gui_light": "front",
	"display": {
		"thirdperson_righthand": {
			"rotation": [75, 45, 0],
			"translation": [0, 2.5, 2.75],
			"scale": [0.375, 0.375, 0.375]
		},
		"thirdperson_lefthand": {
			"rotation": [75, 45, 0],
			"translation": [0, 2.5, 2.75],
			"scale": [0.375, 0.375, 0.375]
		},
		"firstperson_righthand": {
			"rotation": [0, 45, 0],
			"translation": [0, 4.25, 0],
			"scale": [0.4, 0.4, 0.4]
		},
		"firstperson_lefthand": {
			"rotation": [0, 225, 0],
			"translation": [0, 4.25, 0],
			"scale": [0.4, 0.4, 0.4]
		},
		"ground": {
			"translation": [0, 3, 0],
			"scale": [0.25, 0.25, 0.25]
		},
		"gui": {
			"rotation": [30, 225, 0],
			"translation": [0, 2.25, 0],
			"scale": [0.625, 0.625, 0.625]
		},
		"head": {
			"translation": [0, 13.5, 0]
		},
		"fixed": {
			"scale": [0.5, 0.5, 0.5]
		}
	}
}