{
    "__comment": "Model created for Prime's HD Textures - Foliage Addon (2020)",
	"ambientocclusion": false,
    "textures": {
        "texture": "minecraft:foliage_addon/fern_3d",
		"particle": "minecraft:foliage_addon/fern_3d"
    },
    "display": {
        "gui": {
            "rotation": [ 30, 45, 0 ],
            "translation": [ 0, 0, 0 ],
            "scale": [ 0.625, 0.625, 0.625 ]
        },
        "ground": {
            "rotation": [ 0, 0, 0 ],
            "translation": [ 0, 3, 0 ],
            "scale": [ 0.25, 0.25, 0.25 ]
        },
        "fixed": {
            "rotation": [ 0, 180, 0 ],
            "translation": [ 0, 0, 0 ],
            "scale": [ 1, 1, 1 ]
        },
        "head": {
            "rotation": [ 0, 180, 0 ],
            "translation": [ 0, 0, 0 ],
            "scale": [ 1, 1, 1 ]
        },
        "firstperson_righthand": {
            "rotation": [ 0, 315, 0 ],
            "translation": [ 0, 2.5, 0 ],
            "scale": [ 0.4, 0.4, 0.4 ]
        },
        "thirdperson_righthand": {
            "rotation": [ 75, 315, 0 ],
            "translation": [ 0, 2.5, 0 ],
            "scale": [ 0.375, 0.375, 0.375 ]
        }
    },
    "elements": [
        {
            "name": "bottom",
            "from": [ 0, 0, 6 ], 
            "to": [ 16, 8, 6 ], 
            "rotation": { "origin": [ 8, 0, 6 ], "axis": "x", "angle": -22.5 },
			"shade": false,
            "faces": {
                "north": { "texture": "#texture", "uv": [ 0, 8, 16, 16 ], "tintindex": 0 },
                "south": { "texture": "#texture", "uv": [ 0, 9, 16, 16 ], "tintindex": 0 }
            }
        },
        {
            "name": "bottom",
            "from": [ 0, 0, 10 ], 
            "to": [ 16, 8, 10 ], 
            "rotation": { "origin": [ 8, 0, 10 ], "axis": "x", "angle": 22.5 },
			"shade": false,
            "faces": {
                "north": { "texture": "#texture", "uv": [ 0, 8, 16, 16 ], "tintindex": 0 },
                "south": { "texture": "#texture", "uv": [ 0, 9, 16, 16 ], "tintindex": 0 }
            }
        },
        {
            "name": "bottom",
            "from": [ 6, 0, 0 ], 
            "to": [ 6, 8, 16 ], 
            "rotation": { "origin": [ 6, 0, 8 ], "axis": "z", "angle": 22.5 },
			"shade": false,
            "faces": {
                "east": { "texture": "#texture", "uv": [ 0, 8, 16, 16 ], "tintindex": 0 },
                "west": { "texture": "#texture", "uv": [ 0, 8, 16, 16 ], "tintindex": 0 }
            }
        },
        {
            "name": "bottom",
            "from": [ 10, 0, 0 ], 
            "to": [ 10, 8, 16 ], 
            "rotation": { "origin": [ 10, 0, 8 ], "axis": "z", "angle": -22.5 },
			"shade": false,
            "faces": {
                "east": { "texture": "#texture", "uv": [ 0, 8, 16, 16 ], "tintindex": 0 },
                "west": { "texture": "#texture", "uv": [ 0, 8, 16, 16 ], "tintindex": 0 }
            }
        },
        {
            "name": "top",
            "from": [ 3, 7, 0 ], 
            "to": [ 3, 15, 16 ], 
            "rotation": { "origin": [ 3, 7, 8 ], "axis": "z", "angle": 45.0 },
			"shade": false,
            "faces": {
                "east": { "texture": "#texture", "uv": [ 0, 0, 16, 8 ], "tintindex": 0 },
                "west": { "texture": "#texture", "uv": [ 0, 0, 16, 8 ], "tintindex": 0 }
            }
        },
        {
            "name": "top",
            "from": [ 0, 7, 13 ], 
            "to": [ 16, 15, 13 ], 
            "rotation": { "origin": [ 8, 7, 13 ], "axis": "x", "angle": 45.0 },
			"shade": false,
            "faces": {
                "north": { "texture": "#texture", "uv": [ 0, 0, 16, 8 ], "tintindex": 0 },
                "south": { "texture": "#texture", "uv": [ 0, 0, 16, 8 ], "tintindex": 0 }
            }
        },
        {
            "name": "top",
            "from": [ 13, 7, 0 ], 
            "to": [ 13, 15, 16 ], 
            "rotation": { "origin": [ 13, 7, 8 ], "axis": "z", "angle": -45.0 },
			"shade": false,
            "faces": {
                "east": { "texture": "#texture", "uv": [ 0, 0, 16, 8 ], "tintindex": 0 },
                "west": { "texture": "#texture", "uv": [ 0, 0, 16, 8 ], "tintindex": 0 }
            }
        },
        {
            "name": "top",
            "from": [ 0, 7, 3 ], 
            "to": [ 16, 15, 3 ], 
            "rotation": { "origin": [ 8, 7, 3 ], "axis": "x", "angle": -45.0 },
			"shade": false,
            "faces": {
                "north": { "texture": "#texture", "uv": [ 0, 0, 16, 8 ], "tintindex": 0 },
                "south": { "texture": "#texture", "uv": [ 0, 0, 16, 8 ], "tintindex": 0 }
            }
        },
        {
            "name": "side",
            "from": [ 2, 4, -2 ], 
            "to": [ 18, 4, 6 ], 
            "rotation": { "origin": [ 10, 1, 6 ], "axis": "y", "angle": -45.0 },
			"shade": false,
            "faces": {
                "up": { "texture": "#texture", "uv": [ 0, 0, 16, 8 ], "tintindex": 0 },
                "down": { "texture": "#texture", "uv": [ 0, 0, 16, 8 ], "tintindex": 0, "rotation": 180 }
            }
        },
        {
            "name": "side",
            "from": [ -2, 5, -2 ], 
            "to": [ 14, 5, 6 ], 
            "rotation": { "origin": [ 6, 3, 6 ], "axis": "y", "angle": 45.0 },
			"shade": false,
            "faces": {
                "up": { "texture": "#texture", "uv": [ 0, 0, 16, 8 ], "tintindex": 0 },
                "down": { "texture": "#texture", "uv": [ 0, 0, 16, 8 ], "tintindex": 0, "rotation": 180 }
            }
        },
        {
            "name": "side",
            "from": [ 2, 5, 10 ], 
            "to": [ 18, 5, 18 ], 
            "rotation": { "origin": [ 10, 3, 10 ], "axis": "y", "angle": 45.0 },
			"shade": false,
            "faces": {
                "up": { "texture": "#texture", "uv": [ 0, 0, 16, 8 ], "rotation": 180, "tintindex": 0 },
                "down": { "texture": "#texture", "uv": [ 0, 0, 16, 8 ], "tintindex": 0 }
            }
        },
        {
            "name": "side",
            "from": [ -2, 4, 10 ], 
            "to": [ 14, 4, 18 ], 
            "rotation": { "origin": [ 6, 2, 10 ], "axis": "y", "angle": -45.0 },
			"shade": false,
            "faces": {
                "up": { "texture": "#texture", "uv": [ 0, 0, 16, 8 ], "rotation": 180, "tintindex": 0 },
                "down": { "texture": "#texture", "uv": [ 0, 0, 16, 8 ], "tintindex": 0 }
            }
        },
        {
            "name": "middle",
            "from": [ 0, 0, 8 ], 
            "to": [ 16, 16, 8 ], 
            "rotation": { "origin": [ 8, 8, 8 ], "axis": "y", "angle": 45.0, "rescale": true },
			"shade": false,
            "faces": {
                "north": { "texture": "#texture", "uv": [ 0, 0, 16, 16 ], "tintindex": 0 },
                "south": { "texture": "#texture", "uv": [ 0, 0, 16, 16 ], "tintindex": 0 }
            }
        },
        {
            "name": "middle",
            "from": [ 0, 0, 8 ], 
            "to": [ 16, 16, 8 ], 
            "rotation": { "origin": [ 8, 8, 8 ], "axis": "y", "angle": -45.0, "rescale": true },
			"shade": false,
            "faces": {
                "north": { "texture": "#texture", "uv": [ 0, 0, 16, 16 ], "tintindex": 0 },
                "south": { "texture": "#texture", "uv": [ 0, 0, 16, 16 ], "tintindex": 0 }
            }
        }
    ]
}