{
    "__comment": "Model created for Prime's HD Textures - Foliage Addon (2020)",
	"ambientocclusion": false,
    "textures": {
        "texture": "minecraft:foliage_addon/fern_3d",
		"particle": "minecraft:foliage_addon/fern_3d"
    },
    "display": {
        "gui": {
            "rotation": [ 30, 45, 0 ],
            "translation": [ 0, 0, 0 ],
            "scale": [ 0.625, 0.625, 0.625 ]
        },
        "ground": {
            "rotation": [ 0, 0, 0 ],
            "translation": [ 0, 3, 0 ],
            "scale": [ 0.25, 0.25, 0.25 ]
        },
        "fixed": {
            "rotation": [ 0, 180, 0 ],
            "translation": [ 0, 0, 0 ],
            "scale": [ 1, 1, 1 ]
        },
        "head": {
            "rotation": [ 0, 180, 0 ],
            "translation": [ 0, 0, 0 ],
            "scale": [ 1, 1, 1 ]
        },
        "firstperson_righthand": {
            "rotation": [ 0, 315, 0 ],
            "translation": [ 0, 2.5, 0 ],
            "scale": [ 0.4, 0.4, 0.4 ]
        },
        "thirdperson_righthand": {
            "rotation": [ 75, 315, 0 ],
            "translation": [ 0, 2.5, 0 ],
            "scale": [ 0.375, 0.375, 0.375 ]
        }
    },
    "elements": [
        {
            "name": "bottom",
            "from": [ 0, -4, 6 ], 
            "to": [ 16, 4, 6 ], 
            "rotation": { "origin": [ 8, -4, 6 ], "axis": "x", "angle": -22.5 },
			"shade": false,
            "faces": {
                "north": { "texture": "#texture", "uv": [ 0, 8, 16, 16 ], "tintindex": 0 },
                "south": { "texture": "#texture", "uv": [ 0, 9, 16, 16 ], "tintindex": 0 }
            }
        },
        {
            "name": "bottom",
            "from": [ 0, -4, 10 ], 
            "to": [ 16, 4, 10 ], 
            "rotation": { "origin": [ 8, -4, 10 ], "axis": "x", "angle": 22.5 },
			"shade": false,
            "faces": {
                "north": { "texture": "#texture", "uv": [ 0, 8, 16, 16 ], "tintindex": 0 },
                "south": { "texture": "#texture", "uv": [ 0, 9, 16, 16 ], "tintindex": 0 }
            }
        },
        {
            "name": "bottom",
            "from": [ 6, -4, 0 ], 
            "to": [ 6, 4, 16 ], 
            "rotation": { "origin": [ 6, -4, 8 ], "axis": "z", "angle": 22.5 },
			"shade": false,
            "faces": {
                "east": { "texture": "#texture", "uv": [ 0, 8, 16, 16 ], "tintindex": 0 },
                "west": { "texture": "#texture", "uv": [ 0, 8, 16, 16 ], "tintindex": 0 }
            }
        },
        {
            "name": "bottom",
            "from": [ 10, -4, 0 ], 
            "to": [ 10, 4, 16 ], 
            "rotation": { "origin": [ 10, -4, 8 ], "axis": "z", "angle": -22.5 },
			"shade": false,
            "faces": {
                "east": { "texture": "#texture", "uv": [ 0, 8, 16, 16 ], "tintindex": 0 },
                "west": { "texture": "#texture", "uv": [ 0, 8, 16, 16 ], "tintindex": 0 }
            }
        },
		{
            "name": "bottom",
            "from": [ 0, -7, 6 ], 
            "to": [ 16, 1, 6 ], 
            "rotation": { "origin": [ 8, -7, 6 ], "axis": "x", "angle": -45 },
			"shade": false,
            "faces": {
                "north": { "texture": "#texture", "uv": [ 0, 0, 16, 8 ], "tintindex": 0 },
                "south": { "texture": "#texture", "uv": [ 0, 0, 16, 8 ], "tintindex": 0 }
            }
        },
        {
            "name": "bottom",
            "from": [ 0, -7, 10 ], 
            "to": [ 16, 1, 10 ], 
            "rotation": { "origin": [ 8, -7, 10 ], "axis": "x", "angle": 45 },
			"shade": false,
            "faces": {
                "north": { "texture": "#texture", "uv": [ 0, 0, 16, 8 ], "tintindex": 0 },
                "south": { "texture": "#texture", "uv": [ 0, 0, 16, 8 ], "tintindex": 0 }
            }
        },
        {
            "name": "bottom",
            "from": [ 6, -7, 0 ], 
            "to": [ 6, 1, 16 ], 
            "rotation": { "origin": [ 6, -7, 8 ], "axis": "z", "angle": 45 },
			"shade": false,
            "faces": {
                "east": { "texture": "#texture", "uv": [ 0, 0, 16, 8 ], "tintindex": 0 },
                "west": { "texture": "#texture", "uv": [ 0, 0, 16, 8 ], "tintindex": 0 }
            }
        },
        {
            "name": "bottom",
            "from": [ 10, -7, 0 ], 
            "to": [ 10, 1, 16 ], 
            "rotation": { "origin": [ 10, -7, 8 ], "axis": "z", "angle": -45 },
			"shade": false,
            "faces": {
                "east": { "texture": "#texture", "uv": [ 0, 0, 16, 8 ], "tintindex": 0 },
                "west": { "texture": "#texture", "uv": [ 0, 0, 16, 8 ], "tintindex": 0 }
            }
        },
        {
            "name": "top",
            "from": [ 3, 3, 0 ], 
            "to": [ 3, 11, 16 ], 
            "rotation": { "origin": [ 3, 3, 8 ], "axis": "z", "angle": 45.0 },
			"shade": false,
            "faces": {
                "east": { "texture": "#texture", "uv": [ 0, 0, 16, 8 ], "tintindex": 0 },
                "west": { "texture": "#texture", "uv": [ 0, 0, 16, 8 ], "tintindex": 0 }
            }
        },
        {
            "name": "top",
            "from": [ 0, 3, 13 ], 
            "to": [ 16, 11, 13 ], 
            "rotation": { "origin": [ 8, 3, 13 ], "axis": "x", "angle": 45.0 },
			"shade": false,
            "faces": {
                "north": { "texture": "#texture", "uv": [ 0, 0, 16, 8 ], "tintindex": 0 },
                "south": { "texture": "#texture", "uv": [ 0, 0, 16, 8 ], "tintindex": 0 }
            }
        },
        {
            "name": "top",
            "from": [ 13, 3, 0 ], 
            "to": [ 13, 11, 16 ], 
            "rotation": { "origin": [ 13, 3, 8 ], "axis": "z", "angle": -45.0 },
			"shade": false,
            "faces": {
                "east": { "texture": "#texture", "uv": [ 0, 0, 16, 8 ], "tintindex": 0 },
                "west": { "texture": "#texture", "uv": [ 0, 0, 16, 8 ], "tintindex": 0 }
            }
        },
        {
            "name": "top",
            "from": [ 0, 3, 3 ], 
            "to": [ 16, 11, 3 ], 
            "rotation": { "origin": [ 8, 3, 3 ], "axis": "x", "angle": -45.0 },
			"shade": false,
            "faces": {
                "north": { "texture": "#texture", "uv": [ 0, 0, 16, 8 ], "tintindex": 0 },
                "south": { "texture": "#texture", "uv": [ 0, 0, 16, 8 ], "tintindex": 0 }
            }
        },
        {
            "name": "side",
            "from": [ 2, 0, -2 ], 
            "to": [ 18, 0, 6 ], 
            "rotation": { "origin": [ 10, 1, 6 ], "axis": "y", "angle": -45.0 },
			"shade": false,
            "faces": {
                "up": { "texture": "#texture", "uv": [ 0, 0, 16, 8 ], "tintindex": 0 },
                "down": { "texture": "#texture", "uv": [ 0, 0, 16, 8 ], "tintindex": 0, "rotation": 180 }
            }
        },
        {
            "name": "side",
            "from": [ -2, 1, -2 ], 
            "to": [ 14, 1, 6 ], 
            "rotation": { "origin": [ 6, 3, 6 ], "axis": "y", "angle": 45.0 },
			"shade": false,
            "faces": {
                "up": { "texture": "#texture", "uv": [ 0, 0, 16, 8 ], "tintindex": 0 },
                "down": { "texture": "#texture", "uv": [ 0, 0, 16, 8 ], "tintindex": 0, "rotation": 180 }
            }
        },
        {
            "name": "side",
            "from": [ 2, 1, 10 ], 
            "to": [ 18, 1, 18 ], 
            "rotation": { "origin": [ 10, 3, 10 ], "axis": "y", "angle": 45.0 },
			"shade": false,
            "faces": {
                "up": { "texture": "#texture", "uv": [ 0, 0, 16, 8 ], "rotation": 180, "tintindex": 0 },
                "down": { "texture": "#texture", "uv": [ 0, 0, 16, 8 ], "tintindex": 0 }
            }
        },
        {
            "name": "side",
            "from": [ -2, 0, 10 ], 
            "to": [ 14, 0, 18 ], 
            "rotation": { "origin": [ 6, 2, 10 ], "axis": "y", "angle": -45.0 },
			"shade": false,
            "faces": {
                "up": { "texture": "#texture", "uv": [ 0, 0, 16, 8 ], "rotation": 180, "tintindex": 0 },
                "down": { "texture": "#texture", "uv": [ 0, 0, 16, 8 ], "tintindex": 0 }
            }
        }
    ]
}