{
    "sources": [
        {
            "type": "single",
            "resource": "minecraft:foliage_addon/flowers/orchid_stem"
        },
        {
            "type": "single",
            "resource": "minecraft:foliage_addon/flowers/orchid_stem_flip"
        },
        {
            "type": "single",
            "resource": "minecraft:foliage_addon/flowers/orchid_flower"
        },
        {
            "type": "single",
            "resource": "minecraft:foliage_addon/dead_bush_3d"
        },
        {
            "type": "single",
            "resource": "minecraft:foliage_addon/dead_bush_3d_flip"
        },
        {
            "type": "single",
            "resource": "minecraft:foliage_addon/cactus_flower"
        },
        {
            "type": "single",
            "resource": "minecraft:foliage_addon/lily_pad_root"
        },
        {
            "type": "single",
            "resource": "minecraft:foliage_addon/white_flower"
        },
        {
            "type": "single",
            "resource": "minecraft:foliage_addon/fern_3d"
        },
        {
            "type": "single",
            "resource": "minecraft:foliage_addon/flowers/allium_cross"
        },
        {
            "type": "single",
            "resource": "minecraft:foliage_addon/flowers/azure_bluet_cross"
        },
        {
            "type": "single",
            "resource": "minecraft:foliage_addon/flowers/cornflower_cross"
        },
        {
            "type": "single",
            "resource": "minecraft:foliage_addon/flowers/dandelion_cross"
        },
        {
            "type": "single",
            "resource": "minecraft:foliage_addon/flowers/lily_of_the_valley_cross"
        },
        {
            "type": "single",
            "resource": "minecraft:foliage_addon/flowers/tulip_cross"
        },
        {
            "type": "single",
            "resource": "minecraft:foliage_addon/flowers/oxeye_daisy_3d"
        },
        {
            "type": "single",
            "resource": "minecraft:foliage_addon/flowers/poppy_cross"
        },
        {
            "type": "single",
            "resource": "minecraft:foliage_addon/seagrass/seagrass"
        },
        {
            "type": "single",
            "resource": "minecraft:foliage_addon/pumpkin_top_3d"
        },
        {
            "type": "single",
            "resource": "minecraft:foliage_addon/pumpkin_stem_3d"
        },
        {
            "type": "single",
            "resource": "minecraft:foliage_addon/melon_stem_3d"
        },
        {
            "type": "single",
            "resource": "minecraft:foliage_addon/sugar_cane_3d"
        },
        {
            "type": "single",
            "resource": "minecraft:foliage_addon/brown_mushroom_3d"
        },
        {
            "type": "single",
            "resource": "minecraft:foliage_addon/red_mushroom_3d"
        }
    ]
}