{
    "__comment": "Model generated using MrCrayfish's Model Creator (https://mrcrayfish.com/tools?id=mc)",
    "ambientocclusion": false,
    "textures": {
        "bush": "#bush",
		"bush_flip": "#bush_flip",
		"particle": "#bush"
    },
    "display": {
        "gui": {
            "rotation": [ 30, 45, 0 ],
            "translation": [ 0, 0, 0 ],
            "scale": [ 0.625, 0.625, 0.625 ]
        },
        "ground": {
            "rotation": [ 0, 0, 0 ],
            "translation": [ 0, 3, 0 ],
            "scale": [ 0.25, 0.25, 0.25 ]
        },
        "fixed": {
            "rotation": [ 0, 180, 0 ],
            "translation": [ 0, 0, 0 ],
            "scale": [ 1, 1, 1 ]
        },
        "head": {
            "rotation": [ 0, 180, 0 ],
            "translation": [ 0, 0, 0 ],
            "scale": [ 1, 1, 1 ]
        },
        "firstperson_righthand": {
            "rotation": [ 0, 315, 0 ],
            "translation": [ 0, 2.5, 0 ],
            "scale": [ 0.4, 0.4, 0.4 ]
        },
        "thirdperson_righthand": {
            "rotation": [ 75, 315, 0 ],
            "translation": [ 0, 2.5, 0 ],
            "scale": [ 0.375, 0.375, 0.375 ]
        }
    },
    "elements": [
        {
            "name": "Middle",
            "from": [ 0, 0, 8 ], 
            "to": [ 16, 16, 8 ], 
            "rotation": { "origin": [ 8, 8, 8 ], "axis": "y", "angle": 45.0, "rescale": true },
            "faces": {
                "north": { "texture": "#bush", "uv": [ 0, 0, 16, 16 ] },
                "south": { "texture": "#bush", "uv": [ 0, 0, 16, 16 ] }
            }
        },
        {
            "name": "Middle",
            "from": [ 0, 0, 8 ], 
            "to": [ 16, 16, 8 ], 
            "rotation": { "origin": [ 8, 8, 8 ], "axis": "y", "angle": -45.0, "rescale": true },
            "faces": {
                "north": { "texture": "#bush", "uv": [ 0, 0, 16, 16 ] },
                "south": { "texture": "#bush", "uv": [ 0, 0, 16, 16 ] }
            }
        },
        {
            "name": "Side",
            "from": [ 0, 0, 8 ], 
            "to": [ 16, 16, 8 ], 
            "rotation": { "origin": [ 8, 8, 8 ], "axis": "x", "angle": 45.0 },
            "faces": {
                "north": { "texture": "#bush", "uv": [ 0, 0, 16, 16 ] },
                "south": { "texture": "#bush", "uv": [ 0, 0, 16, 16 ] }
            }
        },
        {
            "name": "Side",
            "from": [ 0, 0, 8 ], 
            "to": [ 16, 16, 8 ], 
            "rotation": { "origin": [ 8, 8, 8 ], "axis": "x", "angle": -45.0 },
            "faces": {
                "north": { "texture": "#bush", "uv": [ 0, 0, 16, 16 ] },
                "south": { "texture": "#bush", "uv": [ 0, 0, 16, 16 ] }
            }
        },
        {
            "name": "Side",
            "from": [ 8, 0, 0 ], 
            "to": [ 8, 16, 16 ], 
            "rotation": { "origin": [ 8, 8, 8 ], "axis": "z", "angle": -45.0 },
            "faces": {
                "east": { "texture": "#bush", "uv": [ 0, 0, 16, 16 ] },
                "west": { "texture": "#bush", "uv": [ 0, 0, 16, 16 ] }
            }
        },
        {
            "name": "Side",
            "from": [ 8, 0, 0 ], 
            "to": [ 8, 16, 16 ], 
            "rotation": { "origin": [ 8, 8, 8 ], "axis": "z", "angle": 45.0 },
            "faces": {
                "east": { "texture": "#bush", "uv": [ 0, 0, 16, 16 ] },
                "west": { "texture": "#bush", "uv": [ 0, 0, 16, 16 ] }
            }
        }
    ]
}