{
    "__comment": "Model created for Prime's HD Textures - Foliage Addon (2020)",
	"ambientocclusion": false,
    "textures": {
		"particle": "minecraft:block/blue_orchid",
        "orchid_stem": "minecraft:foliage_addon/flowers/orchid_stem",
        "orchid_stem_flip": "minecraft:foliage_addon/flowers/orchid_stem_flip",
        "orchid_flower": "minecraft:foliage_addon/flowers/orchid_flower"
    },
    "display": {
        "gui": {
            "rotation": [ 30, 45, 0 ],
            "translation": [ 0, 0, 0 ],
            "scale": [ 0.625, 0.625, 0.625 ]
        },
        "ground": {
            "rotation": [ 0, 0, 0 ],
            "translation": [ 0, 3, 0 ],
            "scale": [ 0.25, 0.25, 0.25 ]
        },
        "fixed": {
            "rotation": [ 0, 180, 0 ],
            "translation": [ 0, 0, 0 ],
            "scale": [ 1, 1, 1 ]
        },
        "head": {
            "rotation": [ 0, 180, 0 ],
            "translation": [ 0, 0, 0 ],
            "scale": [ 1, 1, 1 ]
        },
        "firstperson_righthand": {
            "rotation": [ 0, 315, 0 ],
            "translation": [ 0, 2.5, 0 ],
            "scale": [ 0.4, 0.4, 0.4 ]
        },
        "thirdperson_righthand": {
            "rotation": [ 75, 315, 0 ],
            "translation": [ 0, 2.5, 0 ],
            "scale": [ 0.375, 0.375, 0.375 ]
        }
    },
    "elements": [
        {
            "name": "Orchid Stem",
            "from": [ 0, 0, 8 ], 
            "to": [ 16, 16, 8 ], 
			"shade": false,
            "rotation": { "origin": [ 8, 8, 8 ], "axis": "y", "angle": 45.0, "rescale": true },
            "faces": {
                "north": { "texture": "#orchid_stem", "uv": [ 0, 0, 16, 16 ] },
                "south": { "texture": "#orchid_stem_flip", "uv": [ 0, 0, 16, 16 ] }
            }
        },
        {
            "name": "Orchid Stem",
            "from": [ 0, 0, 8 ], 
            "to": [ 16, 16, 8 ], 
			"shade": false,
            "rotation": { "origin": [ 8, 8, 8 ], "axis": "y", "angle": -45.0, "rescale": true },
            "faces": {
                "north": { "texture": "#orchid_stem", "uv": [ 0, 0, 16, 16 ] },
                "south": { "texture": "#orchid_stem_flip", "uv": [ 0, 0, 16, 16 ] }
            }
        },
        {
            "name": "Flower 1",
            "from": [ 0, 5, 4 ], 
            "to": [ 8, 13, 4 ], 
			"shade": false,
            "rotation": { "origin": [ 4, 9, 4 ], "axis": "x", "angle": 45.0 },
            "faces": {
                "north": { "texture": "#orchid_flower", "uv": [ 0, 0, 8, 8 ] },
                "south": { "texture": "#orchid_flower", "uv": [ 0, 0, 8, 8 ] }
            }
        },
        {
            "name": "Flower 2",
            "from": [ 9, 6, 4 ], 
            "to": [ 9, 14, 12 ], 
			"shade": false,
            "rotation": { "origin": [ 9, 9, 8 ], "axis": "z", "angle": 45.0 },
            "faces": {
                "east": { "texture": "#orchid_flower", "uv": [ 0, 0, 8, 8 ] },
                "west": { "texture": "#orchid_flower", "uv": [ 0, 0, 8, 8 ] }
            }
        },
        {
            "name": "Flower 3",
            "from": [ 11, 2, 1 ], 
            "to": [ 11, 10, 9 ], 
			"shade": false,
            "rotation": { "origin": [ 11, 5, 5 ], "axis": "z", "angle": 45.0 },
            "faces": {
                "east": { "texture": "#orchid_flower", "uv": [ 0, 0, 8, 8 ] },
                "west": { "texture": "#orchid_flower", "uv": [ 0, 0, 8, 8 ] }
            }
        },
        {
            "name": "Flower 4",
            "from": [ 6, 2, 11 ], 
            "to": [ 14, 10, 11 ], 
			"shade": false,
            "rotation": { "origin": [ 12, 5, 11 ], "axis": "x", "angle": -45.0 },
            "faces": {
                "north": { "texture": "#orchid_flower", "uv": [ 0, 0, 8, 8 ] },
                "south": { "texture": "#orchid_flower", "uv": [ 0, 0, 8, 8 ] }
            }
        },
        {
            "name": "Flower 5",
            "from": [ 3, 6, 8 ], 
            "to": [ 3, 14, 16 ], 
			"shade": false,
            "rotation": { "origin": [ 3, 8, 11 ], "axis": "z", "angle": -45.0 },
            "faces": {
                "east": { "texture": "#orchid_flower", "uv": [ 0, 0, 8, 8 ] },
                "west": { "texture": "#orchid_flower", "uv": [ 0, 0, 8, 8 ] }
            }
        }
    ]
}