{
	"credit": "Model created for Prime's HD Textures - Foliage Addon (2020)",
	"ambientocclusion": false,
	"textures": {
		"particle": "block/cactus_flower",
		"cactus_flower": "block/cactus_flower"
	},
	"elements": [
		{
			"from": [0.8, 0, 8],
			"to": [15.2, 16, 8],
			"shade": false,
			"rotation": {"angle": 45, "axis": "y", "origin": [8, 8, 8], "rescale": true},
			"faces": {
				"north": {"uv": [0, 0, 16, 16], "texture": "#cactus_flower", "tintindex": 0},
				"south": {"uv": [0, 0, 16, 16], "texture": "#cactus_flower", "tintindex": 0}
			}
		},
		{
			"from": [8, 0, 0.8],
			"to": [8, 16, 15.2],
			"shade": false,
			"rotation": {"angle": 45, "axis": "y", "origin": [8, 8, 8], "rescale": true},
			"faces": {
				"east": {"uv": [0, 0, 16, 16], "texture": "#cactus_flower", "tintindex": 0},
				"west": {"uv": [0, 0, 16, 16], "texture": "#cactus_flower", "tintindex": 0}
			}
		},
		{
			"from": [0, 0, 11],
			"to": [16, 16, 11],
			"shade": false,
			"rotation": {"angle": 45, "axis": "x", "origin": [8, 3, 11]},
			"faces": {
				"north": {"uv": [0, 0, 16, 16], "texture": "#cactus_flower", "tintindex": 0},
				"south": {"uv": [0, 0, 16, 16], "texture": "#cactus_flower", "tintindex": 0}
			}
		},
		{
			"from": [0, 0, 5],
			"to": [16, 16, 5],
			"shade": false,
			"rotation": {"angle": -45, "axis": "x", "origin": [8, 3, 5]},
			"faces": {
				"north": {"uv": [0, 0, 16, 16], "texture": "#cactus_flower", "tintindex": 0},
				"south": {"uv": [0, 0, 16, 16], "texture": "#cactus_flower", "tintindex": 0}
			}
		},
		{
			"from": [5, 0, 0],
			"to": [5, 16, 16],
			"shade": false,
			"rotation": {"angle": 45, "axis": "z", "origin": [5, 3, 8]},
			"faces": {
				"east": {"uv": [0, 0, 16, 16], "texture": "#cactus_flower", "tintindex": 0},
				"west": {"uv": [0, 0, 16, 16], "texture": "#cactus_flower", "tintindex": 0}
			}
		},
		{
			"from": [11, 0, 0],
			"to": [11, 16, 16],
			"shade": false,
			"rotation": {"angle": -45, "axis": "z", "origin": [11, 3, 8]},
			"faces": {
				"east": {"uv": [0, 0, 16, 16], "texture": "#cactus_flower", "tintindex": 0},
				"west": {"uv": [0, 0, 16, 16], "texture": "#cactus_flower", "tintindex": 0}
			}
		}
	]
}