{
	"__comment": "Model created for Prime's HD Textures - Foliage Addon (2020)",
    "ambientocclusion": false,
    "textures": {
        "particle": "block/firefly_bush",
        "firefly_bush": "block/firefly_bush",
        "firefly_bush_edge": "block/firefly_bush_edge",
        "emissive": "block/firefly_bush_emissive",
        "emissive_edge":  "block/firefly_bush_emissive_edge"
    },
    "elements": [
        {
            "from": [ 0.8, 0, 8 ],
            "to": [ 15.2, 16, 8 ],
            "rotation": {
                "origin": [ 8, 8, 8 ],
                "axis": "y",
                "angle": 45,
                "rescale": true
            },
            "shade": false,
            "faces": {
                "north": {
                    "uv": [ 0, 0, 16, 16 ],
                    "texture": "#firefly_bush",
                    "tintindex": 0
                },
                "south": {
                    "uv": [ 0, 0, 16, 16 ],
                    "texture": "#firefly_bush",
                    "tintindex": 0
                }
            }
        },
        {
            "from": [ 8, 0, 0.8 ],
            "to": [ 8, 16, 15.2 ],
            "rotation": {
                "origin": [ 8, 8, 8 ],
                "axis": "y",
                "angle": 45,
                "rescale": true
            },
            "shade": false,
            "faces": {
                "west": {
                    "uv": [ 0, 0, 16, 16 ],
                    "texture": "#firefly_bush",
                    "tintindex": 0
                },
                "east": {
                    "uv": [ 0, 0, 16, 16 ],
                    "texture": "#firefly_bush",
                    "tintindex": 0
                }
            }
        },
        {
            "from": [ 0, 0, 13 ],
            "to": [ 16, 16, 13 ],
            "rotation": {
                "origin": [ 8, 3, 13 ],
                "axis": "x",
                "angle": 45
            },
            "shade": false,
            "faces": {
                "north": {
                    "uv": [ 0, 0, 16, 16 ],
                    "texture": "#firefly_bush_edge",
                    "tintindex": 0
                },
                "south": {
                    "uv": [ 0, 0, 16, 16 ],
                    "texture": "#firefly_bush_edge",
                    "tintindex": 0
                }
            }
        },
        {
            "from": [ 0, 0, 3 ],
            "to": [ 16, 16, 3 ],
            "rotation": {
                "origin": [ 8, 3, 3 ],
                "axis": "x",
                "angle": -45
            },
            "shade": false,
            "faces": {
                "north": {
                    "uv": [ 0, 0, 16, 16 ],
                    "texture": "#firefly_bush_edge",
                    "tintindex": 0
                },
                "south": {
                    "uv": [ 0, 0, 16, 16 ],
                    "texture": "#firefly_bush_edge",
                    "tintindex": 0
                }
            }
        },
        {
            "from": [ 3, 0, 0 ],
            "to": [ 3, 16, 16 ],
            "rotation": {
                "origin": [ 3, 3, 8 ],
                "axis": "z",
                "angle": 45
            },
            "shade": false,
            "faces": {
                "west": {
                    "uv": [ 0, 0, 16, 16 ],
                    "texture": "#firefly_bush_edge",
                    "tintindex": 0
                },
                "east": {
                    "uv": [ 0, 0, 16, 16 ],
                    "texture": "#firefly_bush_edge",
                    "tintindex": 0
                }
            }
        },
        {
            "from": [ 13, 0, 0 ],
            "to": [ 13, 16, 16 ],
            "rotation": {
                "origin": [ 13, 3, 8 ],
                "axis": "z",
                "angle": -45
            },
            "shade": false,
            "faces": {
                "west": {
                    "uv": [ 0, 0, 16, 16 ],
                    "texture": "#firefly_bush_edge",
                    "tintindex": 0
                },
                "east": {
                    "uv": [ 0, 0, 16, 16 ],
                    "texture": "#firefly_bush_edge",
                    "tintindex": 0
                }
            }
        },
        {
            "from": [ 0.8, 0, 8 ],
            "to": [ 15.2, 16, 8 ],
            "rotation": {
                "origin": [ 8, 8, 8 ],
                "axis": "y",
                "angle": 45,
                "rescale": true
            },
            "shade": false,
            "light_emission": 15,
            "faces": {
                "north": {
                    "uv": [ 0, 0, 16, 16 ],
                    "texture": "#emissive",
                    "tintindex": 0
                },
                "south": {
                    "uv": [ 0, 0, 16, 16 ],
                    "texture": "#emissive",
                    "tintindex": 0
                }
            }
        },
        {
            "from": [ 8, 0, 0.8 ],
            "to": [ 8, 16, 15.2 ],
            "rotation": {
                "origin": [ 8, 8, 8 ],
                "axis": "y",
                "angle": 45,
                "rescale": true
            },
            "shade": false,
            "light_emission": 15,
            "faces": {
                "west": {
                    "uv": [ 0, 0, 16, 16 ],
                    "texture": "#emissive",
                    "tintindex": 0
                },
                "east": {
                    "uv": [ 0, 0, 16, 16 ],
                    "texture": "#emissive",
                    "tintindex": 0
                }
            }
        },
        {
            "from": [ 0, 0, 13 ],
            "to": [ 16, 16, 13 ],
            "rotation": {
                "origin": [ 8, 3, 13 ],
                "axis": "x",
                "angle": 45
            },
            "shade": false,
            "light_emission": 15,
            "faces": {
                "north": {
                    "uv": [ 0, 0, 16, 16 ],
                    "texture": "#emissive_edge",
                    "tintindex": 0
                },
                "south": {
                    "uv": [ 0, 0, 16, 16 ],
                    "texture": "#emissive_edge",
                    "tintindex": 0
                }
            }
        },
        {
            "from": [ 0, 0, 3 ],
            "to": [ 16, 16, 3 ],
            "rotation": {
                "origin": [ 8, 3, 3 ],
                "axis": "x",
                "angle": -45
            },
            "shade": false,
            "light_emission": 15,
            "faces": {
                "north": {
                    "uv": [ 0, 0, 16, 16 ],
                    "texture": "#emissive_edge",
                    "tintindex": 0
                },
                "south": {
                    "uv": [ 0, 0, 16, 16 ],
                    "texture": "#emissive_edge",
                    "tintindex": 0
                }
            }
        },
        {
            "from": [ 3, 0, 0 ],
            "to": [ 3, 16, 16 ],
            "rotation": {
                "origin": [ 3, 3, 8 ],
                "axis": "z",
                "angle": 45
            },
            "shade": false,
            "light_emission": 15,
            "faces": {
                "west": {
                    "uv": [ 0, 0, 16, 16 ],
                    "texture": "#emissive_edge",
                    "tintindex": 0
                },
                "east": {
                    "uv": [ 0, 0, 16, 16 ],
                    "texture": "#emissive_edge",
                    "tintindex": 0
                }
            }
        },
        {
            "from": [ 13, 0, 0 ],
            "to": [ 13, 16, 16 ],
            "rotation": {
                "origin": [ 13, 3, 8 ],
                "axis": "z",
                "angle": -45
            },
            "shade": false,
            "light_emission": 15,
            "faces": {
                "west": {
                    "uv": [ 0, 0, 16, 16 ],
                    "texture": "#emissive_edge",
                    "tintindex": 0
                },
                "east": {
                    "uv": [ 0, 0, 16, 16 ],
                    "texture": "#emissive_edge",
                    "tintindex": 0
                }
            }
        }
    ]
}
