{
    "ambientocclusion": false,
    "textures": {
        "particle": "block/lily_pad",
        "texture": "block/lily_pad",
		"flower": "foliage_addon/cactus_flower"
    },
    "elements": [
        {   "from": [ 0, 0.25, 0 ],
            "to": [ 16, 0.25, 16 ],
            "faces": {
                "down":  { "uv": [ 16, 16, 0,  0 ], "texture": "#texture", "tintindex": 0 },
                "up":    { "uv": [ 16,  0, 0, 16 ], "texture": "#texture", "tintindex": 0 }
            }
        },
		{
            "name": "Flower",
            "from": [ 8, 0, 4 ], 
            "to": [ 16, 0, 12 ], 
			"shade": false,
            "rotation": { "origin": [ 8, 0, 8 ], "axis": "z", "angle": 45 },
            "faces": {
                "up": { "texture": "#flower", "uv": [ 4, 8, 12, 16 ], "rotation": 90, "cullface": "up" },
                "down": { "texture": "#flower", "uv": [ 4, 8, 12, 16 ], "rotation": 90, "cullface": "up" }
            }
        },
        {
            "name": "Flower",
            "from": [ 0, 0, 4 ], 
            "to": [ 8, 0, 12 ], 
			"shade": false,
            "rotation": { "origin": [ 8, 0, 8 ], "axis": "z", "angle": -45 },
            "faces": {
                "up": { "texture": "#flower", "uv": [ 4, 8, 12, 16 ], "rotation": 270, "cullface": "up" },
                "down": { "texture": "#flower", "uv": [ 4, 8, 12, 16 ], "rotation": 270, "cullface": "up" }
            }
        },
        {
            "name": "Flower",
            "from": [ 4, 0, 8 ], 
            "to": [ 12, 0, 16 ], 
			"shade": false,
            "rotation": { "origin": [ 8, 0, 8 ], "axis": "x", "angle": -45 },
            "faces": {
                "up": { "texture": "#flower", "uv": [ 4, 8, 12, 16 ], "rotation": 180, "cullface": "up" },
                "down": { "texture": "#flower", "uv": [ 4, 8, 12, 16 ], "cullface": "up" }
            }
        },
        {
            "name": "Flower",
            "from": [ 4, 0, 0 ], 
            "to": [ 12, 0, 8 ], 
			"shade": false,
            "rotation": { "origin": [ 8, 0, 8 ], "axis": "x", "angle": 45 },
            "faces": {
                "up": { "texture": "#flower", "uv": [ 4, 8, 12, 16 ], "cullface": "up" },
                "down": { "texture": "#flower", "uv": [ 4, 8, 12, 16 ], "rotation": 180, "cullface": "up" }
            }
        },
        {
            "name": "Flower_Middle",
            "from": [ 4, 1, 4 ], 
            "to": [ 12, 1, 12 ], 
			"shade": false,
            "faces": {
                "up": { "texture": "#flower", "uv": [ 8, 0, 16, 8 ], "rotation": 90 },
                "down": { "texture": "#flower", "uv": [ 8, 0, 16, 8 ], "rotation": 90 }
            }
        }
    ]
}
