{
    "__comment": "Model generated using MrCrayfish's Model Creator (https://mrcrayfish.com/tools?id=mc)",
    "textures": {
        "top": "minecraft:block/melon_top",
        "side": "minecraft:block/melon_side",
        "stem": "minecraft:foliage_addon/melon_stem_3d",
		"particle": "minecraft:block/melon_side"
    },
    "display": {
        "gui": {
            "rotation": [ 30, 225, 0 ],
            "translation": [ 0, 0, 0 ],
            "scale": [ 0.625, 0.625, 0.625 ]
        },
        "ground": {
            "rotation": [ 0, 0, 0 ],
            "translation": [ 0, 3, 0 ],
            "scale": [ 0.25, 0.25, 0.25 ]
        },
        "fixed": {
            "rotation": [ 0, 0, 0 ],
            "translation": [ 0, 0, 0],
            "scale":[ 0.5, 0.5, 0.5 ]
        },
        "head": {
            "rotation": [ 0, 180, 0 ],
            "translation": [ 0, 0, 0 ],
            "scale": [ 1, 1, 1 ]
        },
        "firstperson_righthand": {
            "rotation": [ 0, 135, 0 ],
            "translation": [ 0, 0, 0 ],
            "scale": [ 0.40, 0.40, 0.40 ]
        },
        "thirdperson_righthand": {
            "rotation": [ 75, 315, 0 ],
            "translation": [ 0, 2.5, 0 ],
            "scale": [ 0.375, 0.375, 0.375 ]
        }
    },
    "elements": [
        {
            "name": "Melon",
            "from": [ 0, 0, 0 ], 
            "to": [ 16, 16, 16 ], 
            "faces": {
                "north": { "texture": "#side", "uv": [ 0, 0, 16, 16 ] },
                "east": { "texture": "#side", "uv": [ 0, 0, 16, 16 ] },
                "south": { "texture": "#side", "uv": [ 0, 0, 16, 16 ] },
                "west": { "texture": "#side", "uv": [ 0, 0, 16, 16 ] },
                "up": { "texture": "#top", "uv": [ 0, 0, 16, 16 ] },
                "down": { "texture": "#top", "uv": [ 0, 0, 16, 16 ] }
            }
        },
        {
            "name": "Stem",
            "from": [ 7, 16, 7 ], 
            "to": [ 9, 20, 9 ], 
            "rotation": { "origin": [ 8, 16, 7 ], "axis": "x", "angle": 45.0 },
            "faces": {
                "north": { "texture": "#stem", "uv": [ 2, 12, 4, 16 ] },
                "east": { "texture": "#stem", "uv": [ 0, 12, 2, 16 ] },
                "south": { "texture": "#stem", "uv": [ 6, 12, 8, 16 ] },
                "west": { "texture": "#stem", "uv": [ 4, 12, 6, 16 ] },
                "up": { "texture": "#stem", "uv": [ 8, 14, 10, 16 ] }
            }
        }
    ]
}