{
    "__comment": "Model generated using MrCrayfish's Model Creator (https://mrcrayfish.com/tools?id=mc)",
    "textures": {
        "pumpkin_top_3d": "minecraft:foliage_addon/pumpkin_top_3d",
        "pumpkin_top": "minecraft:block/pumpkin_top",
        "pumpkin_side": "minecraft:block/pumpkin_side",
        "pumpkin_stem_3d": "minecraft:foliage_addon/pumpkin_stem_3d",
		"particle": "minecraft:block/pumpkin_side"
    },
    "display": {
        "gui": {
            "rotation": [ 30, 225, 0 ],
            "translation": [ 0, 0, 0 ],
            "scale": [ 0.625, 0.625, 0.625 ]
        },
        "ground": {
            "rotation": [ 0, 0, 0 ],
            "translation": [ 0, 3, 0 ],
            "scale": [ 0.25, 0.25, 0.25 ]
        },
        "fixed": {
            "rotation": [ 0, 0, 0 ],
            "translation": [ 0, 0, 0],
            "scale":[ 0.5, 0.5, 0.5 ]
        },
        "head": {
            "rotation": [ 0, 180, 0 ],
            "translation": [ 0, 0, 0 ],
            "scale": [ 1, 1, 1 ]
        },
        "firstperson_righthand": {
            "rotation": [ 0, 135, 0 ],
            "translation": [ 0, 0, 0 ],
            "scale": [ 0.40, 0.40, 0.40 ]
        },
        "thirdperson_righthand": {
            "rotation": [ 75, 315, 0 ],
            "translation": [ 0, 2.5, 0 ],
            "scale": [ 0.375, 0.375, 0.375 ]
        }
    },
    "elements": [
        {
            "name": "Pumpkin",
            "from": [ 0, 0, 0 ], 
            "to": [ 16, 16, 16 ], 
            "faces": {
                "north": { "texture": "#pumpkin_side", "uv": [ 0, 0, 16, 16 ] },
                "east": { "texture": "#pumpkin_side", "uv": [ 0, 0, 16, 16 ] },
                "south": { "texture": "#pumpkin_side", "uv": [ 0, 0, 16, 16 ] },
                "west": { "texture": "#pumpkin_side", "uv": [ 0, 0, 16, 16 ] },
                "up": { "texture": "#pumpkin_top_3d", "uv": [ 0, 0, 16, 16 ] },
                "down": { "texture": "#pumpkin_top", "uv": [ 0, 0, 16, 16 ] }
            }
        },
        {
            "name": "Stem",
            "from": [ 7, 16, 7 ], 
            "to": [ 9, 20, 9 ], 
            "rotation": { "origin": [ 8, 16, 7 ], "axis": "x", "angle": 45.0 },
            "faces": {
                "north": { "texture": "#pumpkin_stem_3d", "uv": [ 2, 12, 4, 16 ] },
                "east": { "texture": "#pumpkin_stem_3d", "uv": [ 0, 12, 2, 16 ] },
                "south": { "texture": "#pumpkin_stem_3d", "uv": [ 6, 12, 8, 16 ] },
                "west": { "texture": "#pumpkin_stem_3d", "uv": [ 4, 12, 6, 16 ] },
                "up": { "texture": "#pumpkin_stem_3d", "uv": [ 8, 14, 10, 16 ] }
            }
        }
    ]
}