{
    "textures": {
        "sugar_cane_3d": "minecraft:foliage_addon/sugar_cane_3d",
		"particle": "minecraft:block/sugar_cane"
    },
    "display": {
        "gui": {
            "rotation": [ 30, 45, 0 ],
            "translation": [ 0, 0, 0 ],
            "scale": [ 0.625, 0.625, 0.625 ]
        },
        "ground": {
            "rotation": [ 0, 0, 0 ],
            "translation": [ 0, 3, 0 ],
            "scale": [ 0.25, 0.25, 0.25 ]
        },
        "fixed": {
            "rotation": [ 0, 180, 0 ],
            "translation": [ 0, 0, 0 ],
            "scale": [ 1, 1, 1 ]
        },
        "head": {
            "rotation": [ 0, 180, 0 ],
            "translation": [ 0, 0, 0 ],
            "scale": [ 1, 1, 1 ]
        },
        "firstperson_righthand": {
            "rotation": [ 0, 315, 0 ],
            "translation": [ 0, 2.5, 0 ],
            "scale": [ 0.4, 0.4, 0.4 ]
        },
        "thirdperson_righthand": {
            "rotation": [ 75, 315, 0 ],
            "translation": [ 0, 2.5, 0 ],
            "scale": [ 0.375, 0.375, 0.375 ]
        }
    },
    "elements": [
        {
            "name": "Cube",
            "from": [ 2, -1, 2 ], 
            "to": [ 4, 15, 4 ], 
            "faces": {
                "north": { "texture": "#sugar_cane_3d", "uv": [ 8, 0, 10, 16 ], "tintindex": 0 },
                "east": { "texture": "#sugar_cane_3d", "uv": [ 8, 0, 10, 16 ], "tintindex": 0 },
                "south": { "texture": "#sugar_cane_3d", "uv": [ 8, 0, 10, 16 ], "tintindex": 0 },
                "west": { "texture": "#sugar_cane_3d", "uv": [ 8, 0, 10, 16 ], "tintindex": 0 },
                "up": { "texture": "#sugar_cane_3d", "uv": [ 10, 0, 12, 2 ], "tintindex": 0 },
                "down": { "texture": "#sugar_cane_3d", "uv": [ 10, 0, 12, 2 ], "tintindex": 0 }
            }
        },
        {
            "name": "Cube",
            "from": [ 2, -4, 12 ], 
            "to": [ 4, 12, 14 ], 
            "faces": {
                "north": { "texture": "#sugar_cane_3d", "uv": [ 6, 0, 8, 16 ], "tintindex": 0 },
                "east": { "texture": "#sugar_cane_3d", "uv": [ 6, 0, 8, 16 ], "tintindex": 0 },
                "south": { "texture": "#sugar_cane_3d", "uv": [ 6, 0, 8, 16 ], "tintindex": 0 },
                "west": { "texture": "#sugar_cane_3d", "uv": [ 6, 0, 8, 16 ], "tintindex": 0 },
                "up": { "texture": "#sugar_cane_3d", "uv": [ 10, 0, 12, 2 ], "tintindex": 0 },
                "down": { "texture": "#sugar_cane_3d", "uv": [ 10, 0, 12, 2 ], "tintindex": 0 }
            }
        },
        {
            "name": "Cube",
            "from": [ 10, -2, 2 ], 
            "to": [ 12, 14, 4 ], 
            "faces": {
                "north": { "texture": "#sugar_cane_3d", "uv": [ 4, 0, 6, 16 ], "tintindex": 0 },
                "east": { "texture": "#sugar_cane_3d", "uv": [ 4, 0, 6, 16 ], "tintindex": 0 },
                "south": { "texture": "#sugar_cane_3d", "uv": [ 4, 0, 6, 16 ], "tintindex": 0 },
                "west": { "texture": "#sugar_cane_3d", "uv": [ 4, 0, 6, 16 ], "tintindex": 0 },
                "up": { "texture": "#sugar_cane_3d", "uv": [ 10, 0, 12, 2 ], "tintindex": 0 },
                "down": { "texture": "#sugar_cane_3d", "uv": [ 10, 0, 12, 2 ], "tintindex": 0 }
            }
        },
        {
            "name": "Cube",
            "from": [ 12, -7, 12 ], 
            "to": [ 14, 9, 14 ], 
            "faces": {
                "north": { "texture": "#sugar_cane_3d", "uv": [ 2, 0, 4, 16 ], "tintindex": 0 },
                "east": { "texture": "#sugar_cane_3d", "uv": [ 2, 0, 4, 16 ], "tintindex": 0 },
                "south": { "texture": "#sugar_cane_3d", "uv": [ 2, 0, 4, 16 ], "tintindex": 0 },
                "west": { "texture": "#sugar_cane_3d", "uv": [ 2, 0, 4, 16 ], "tintindex": 0 },
                "up": { "texture": "#sugar_cane_3d", "uv": [ 10, 0, 12, 2 ], "tintindex": 0 },
                "down": { "texture": "#sugar_cane_3d", "uv": [ 10, 0, 12, 2 ], "tintindex": 0 }
            }
        },
        {
            "name": "Cube",
            "from": [ 8, 0, 8 ], 
            "to": [ 10, 16, 10 ], 
            "faces": {
                "north": { "texture": "#sugar_cane_3d", "uv": [ 0, 0, 2, 16 ], "tintindex": 0 },
                "east": { "texture": "#sugar_cane_3d", "uv": [ 0, 0, 2, 16 ], "tintindex": 0 },
                "south": { "texture": "#sugar_cane_3d", "uv": [ 0, 0, 2, 16 ], "tintindex": 0 },
                "west": { "texture": "#sugar_cane_3d", "uv": [ 0, 0, 2, 16 ], "tintindex": 0 },
                "up": { "texture": "#sugar_cane_3d", "uv": [ 10, 0, 12, 2 ], "tintindex": 0 },
                "down": { "texture": "#sugar_cane_3d", "uv": [ 10, 0, 12, 2 ], "tintindex": 0 }
            }
        },
        {
            "name": "Leaves",
            "from": [ 0, 2, 2 ], 
            "to": [ 2, 4, 2 ], 
            "rotation": { "origin": [ 2, 4, 2 ], "axis": "y", "angle": -45.0 },
            "faces": {
                "north": { "texture": "#sugar_cane_3d", "uv": [ 10, 2, 12, 4 ], "tintindex": 0 },
                "south": { "texture": "#sugar_cane_3d", "uv": [ 12, 2, 14, 4 ], "tintindex": 0 }
            }
        },
        {
            "name": "Leaves",
            "from": [ 10, 3, 13 ], 
            "to": [ 12, 5, 13 ], 
            "faces": {
                "north": { "texture": "#sugar_cane_3d", "uv": [ 10, 2, 12, 4 ], "tintindex": 0 },
                "south": { "texture": "#sugar_cane_3d", "uv": [ 12, 2, 14, 4 ], "tintindex": 0 }
            }
        },
        {
            "name": "Leaves",
            "from": [ 14, -3, 14 ], 
            "to": [ 16, -1, 14 ], 
            "rotation": { "origin": [ 14, 5, 14 ], "axis": "y", "angle": -45.0 },
            "faces": {
                "north": { "texture": "#sugar_cane_3d", "uv": [ 12, 8, 14, 10 ], "tintindex": 0 },
                "south": { "texture": "#sugar_cane_3d", "uv": [ 10, 8, 12, 10 ], "tintindex": 0 }
            }
        },
        {
            "name": "Leaves",
            "from": [ 0, 2, 13 ], 
            "to": [ 2, 3, 13 ], 
            "faces": {
                "north": { "texture": "#sugar_cane_3d", "uv": [ 10, 4, 12, 6 ], "tintindex": 0 },
                "south": { "texture": "#sugar_cane_3d", "uv": [ 12, 4, 14, 6 ], "tintindex": 0 }
            }
        },
        {
            "name": "Leaves",
            "from": [ 4, 9, 12 ], 
            "to": [ 6, 11, 12 ], 
            "rotation": { "origin": [ 4, 14, 12 ], "axis": "y", "angle": 45.0 },
            "faces": {
                "north": { "texture": "#sugar_cane_3d", "uv": [ 12, 2, 14, 4 ], "tintindex": 0 },
                "south": { "texture": "#sugar_cane_3d", "uv": [ 10, 2, 12, 4 ], "tintindex": 0 }
            }
        },
        {
            "name": "Leaves",
            "from": [ 4, 11, 2 ], 
            "to": [ 6, 13, 2 ], 
            "rotation": { "origin": [ 4, 13, 2 ], "axis": "y", "angle": 45.0 },
            "faces": {
                "north": { "texture": "#sugar_cane_3d", "uv": [ 12, 8, 14, 10 ], "tintindex": 0 },
                "south": { "texture": "#sugar_cane_3d", "uv": [ 10, 8, 12, 10 ], "tintindex": 0 }
            }
        },
        {
            "name": "Leaves",
            "from": [ 12, -1, 3 ], 
            "to": [ 14, 1, 3 ], 
            "faces": {
                "north": { "texture": "#sugar_cane_3d", "uv": [ 12, 4, 14, 6 ], "tintindex": 0 },
                "south": { "texture": "#sugar_cane_3d", "uv": [ 10, 4, 12, 6 ], "tintindex": 0 }
            }
        },
        {
            "name": "Leaves",
            "from": [ 12, 7, 2 ], 
            "to": [ 14, 9, 2 ], 
            "rotation": { "origin": [ 12, 10, 2 ], "axis": "y", "angle": 45.0 },
            "faces": {
                "north": { "texture": "#sugar_cane_3d", "uv": [ 12, 2, 14, 4 ], "tintindex": 0 },
                "south": { "texture": "#sugar_cane_3d", "uv": [ 10, 2, 12, 4 ], "tintindex": 0 }
            }
        },
        {
            "name": "Leaves",
            "from": [ 6, 6, 8 ], 
            "to": [ 8, 8, 8 ], 
            "rotation": { "origin": [ 8, 7, 8 ], "axis": "y", "angle": -45.0 },
            "faces": {
                "north": { "texture": "#sugar_cane_3d", "uv": [ 10, 2, 12, 4 ], "tintindex": 0 },
                "south": { "texture": "#sugar_cane_3d", "uv": [ 12, 2, 14, 4 ], "tintindex": 0 }
            }
        },
        {
            "name": "Leaves",
            "from": [ 6, 14, 9 ], 
            "to": [ 8, 16, 9 ], 
            "faces": {
                "north": { "texture": "#sugar_cane_3d", "uv": [ 10, 6, 12, 8 ], "tintindex": 0 },
                "south": { "texture": "#sugar_cane_3d", "uv": [ 12, 6, 14, 8 ], "tintindex": 0 }
            }
        }
    ]
}