{
	"__comment": "Model created for Prime's HD Textures - Foliage Addon (2020)",
    "ambientocclusion": false,
    "textures": {
        "particle": "#texture",
		"texture": "#texture",
		"base": "#base"
    },
    "elements": [
        {   "from": [ 0.8, 0, 8 ],
            "to": [ 15.2, 16, 8 ],
            "rotation": { "origin": [ 8, 8, 8 ], "axis": "y", "angle": 45, "rescale": true },
            "shade": false,
            "faces": {
                "north": { "uv": [ 0, 0, 16, 16 ], "texture": "#texture" },
                "south": { "uv": [ 0, 0, 16, 16 ], "texture": "#texture" }
            }
        },
        {   "from": [ 8, 0, 0.8 ],
            "to": [ 8, 16, 15.2 ],
            "rotation": { "origin": [ 8, 8, 8 ], "axis": "y", "angle": 45, "rescale": true },
            "shade": false,
            "faces": {
                "west": { "uv": [ 0, 0, 16, 16 ], "texture": "#texture" },
                "east": { "uv": [ 0, 0, 16, 16 ], "texture": "#texture" }
            }
        },
		{   "from": [ 0.8, -6, 8 ],
            "to": [ 15.2, 10, 8 ],
            "rotation": { "origin": [ 8, 8, 8 ], "axis": "y", "angle": 0, "rescale": true },
            "shade": false,
            "faces": {
                "north": { "uv": [ 0, 0, 16, 16 ], "texture": "#texture" },
                "south": { "uv": [ 0, 0, 16, 16 ], "texture": "#texture" }
            }
        },
        {   "from": [ 8, -6, 0.8 ],
            "to": [ 8, 10, 15.2 ],
            "rotation": { "origin": [ 8, 8, 8 ], "axis": "y", "angle": 0, "rescale": true },
            "shade": false,
            "faces": {
                "west": { "uv": [ 0, 0, 16, 16 ], "texture": "#texture" },
                "east": { "uv": [ 0, 0, 16, 16 ], "texture": "#texture" }
            }
        },
		{
            "name": "texture Base",
            "from": [ 0, 0, 5 ], 
            "to": [ 16, 16, 5 ], 
            "rotation": { "origin": [ 8, 0, 5 ], "axis": "x", "angle": -22.5 },
			"shade": false,
            "faces": {
                "north": { "texture": "#base", "uv": [ 0, 0, 16, 16 ] },
                "south": { "texture": "#base", "uv": [ 0, 0, 16, 16 ] }
            }
        },
        {
            "name": "texture Base",
            "from": [ 0, 0, 11 ], 
            "to": [ 16, 16, 11 ], 
            "rotation": { "origin": [ 8, 0, 11 ], "axis": "x", "angle": 22.5 },
			"shade": false,
            "faces": {
                "north": { "texture": "#base", "uv": [ 0, 0, 16, 16 ] },
                "south": { "texture": "#base", "uv": [ 0, 0, 16, 16 ] }
            }
        },
        {
            "name": "texture Base",
            "from": [ 5, 0, 0 ], 
            "to": [ 5, 16, 16 ], 
            "rotation": { "origin": [ 5, 0, 8 ], "axis": "z", "angle": 22.5 },
			"shade": false,
            "faces": {
                "east": { "texture": "#base", "uv": [ 0, 0, 16, 16 ] },
                "west": { "texture": "#base", "uv": [ 0, 0, 16, 16 ] }
            }
        },
        {
            "name": "texture Base",
            "from": [ 11, 0, 0 ], 
            "to": [ 11, 16, 16 ], 
            "rotation": { "origin": [ 11, 0, 8 ], "axis": "z", "angle": -22.5 },
			"shade": false,
            "faces": {
                "east": { "texture": "#base", "uv": [ 0, 0, 16, 16 ] },
                "west": { "texture": "#base", "uv": [ 0, 0, 16, 16 ] }
            }
        }
    ]
}
