{
    "__comment": "Blockstate created for Prime's HD Textures - Foliage Addon (2020)",
    "variants": {
        "": [
		{ "model": "block/flowers/allium/allium_2"},
		{ "model": "block/flowers/allium/allium_2", "y": 90},
		{ "model": "block/flowers/allium/allium_2", "y": 180},
		{ "model": "block/flowers/allium/allium_2", "y": 270},
		{ "model": "block/flowers/allium/allium_3"},
		{ "model": "block/flowers/allium/allium_3", "y": 90},
		{ "model": "block/flowers/allium/allium_3", "y": 180},
		{ "model": "block/flowers/allium/allium_3", "y": 270},
		{ "model": "block/flowers/allium/allium_4", "weight": 4}
		]
    }
}
