{
	"__comment": "Blockstate created for Prime's HD Textures - Foliage Addon (2020)",
    "variants": {
        "": [
		  { "model": "block/leaves/cherry/cherry_leaves_cross"},
		  { "model": "block/leaves/cherry/cherry_leaves_cross", "y": 90},
		  { "model": "block/leaves/cherry/cherry_leaves_cross", "y": 180},
		  { "model": "block/leaves/cherry/cherry_leaves_cross", "y": 270},
		  { "model": "block/leaves/cherry/cherry_leaves_cross_side"},
		  { "model": "block/leaves/cherry/cherry_leaves_cross_side", "y": 90},
		  { "model": "block/leaves/cherry/cherry_leaves_cross_side", "y": 180},
		  { "model": "block/leaves/cherry/cherry_leaves_cross_side", "y": 270},
		  
		  { "model": "block/leaves/cherry/cherry_leaves_skew"},
		  { "model": "block/leaves/cherry/cherry_leaves_skew", "y": 90},
		  { "model": "block/leaves/cherry/cherry_leaves_skew", "y": 180},
		  { "model": "block/leaves/cherry/cherry_leaves_skew", "y": 270},
		  { "model": "block/leaves/cherry/cherry_leaves_skew_side"},
		  { "model": "block/leaves/cherry/cherry_leaves_skew_side", "y": 90},
		  { "model": "block/leaves/cherry/cherry_leaves_skew_side", "y": 180},
		  { "model": "block/leaves/cherry/cherry_leaves_skew_side", "y": 270},
		  
		  { "model": "block/leaves/cherry/cherry_leaves_skew_flip"},
		  { "model": "block/leaves/cherry/cherry_leaves_skew_flip", "y": 90},
		  { "model": "block/leaves/cherry/cherry_leaves_skew_flip", "y": 180},
		  { "model": "block/leaves/cherry/cherry_leaves_skew_flip", "y": 270},
		  { "model": "block/leaves/cherry/cherry_leaves_skew_flip_side"},
		  { "model": "block/leaves/cherry/cherry_leaves_skew_flip_side", "y": 90},
		  { "model": "block/leaves/cherry/cherry_leaves_skew_flip_side", "y": 180},
		  { "model": "block/leaves/cherry/cherry_leaves_skew_flip_side", "y": 270}
		]
    }
}