{
    "__comment": "Blockstate created for Prime's HD Textures - Foliage Addon (2020)",
    "variants": {
        "": [
		{ "model": "block/flowers/dandelion/dandelion_2"},
		{ "model": "block/flowers/dandelion/dandelion_2", "y": 90},
		{ "model": "block/flowers/dandelion/dandelion_2", "y": 180},
		{ "model": "block/flowers/dandelion/dandelion_2", "y": 270},
		{ "model": "block/flowers/dandelion/dandelion_3"},
		{ "model": "block/flowers/dandelion/dandelion_3", "y": 90},
		{ "model": "block/flowers/dandelion/dandelion_3", "y": 180},
		{ "model": "block/flowers/dandelion/dandelion_3", "y": 270},
		{ "model": "block/flowers/dandelion/dandelion_4", "weight": 4}
		]
    }
}
