{
    "__comment": "Blockstate created for Prime's HD Textures - Foliage Addon (2020)",
    "variants": {
        "": [
		{ "model": "block/flowers/oxeye_daisy/oxeye_daisy_1" },
		{ "model": "block/flowers/oxeye_daisy/oxeye_daisy_1", "y": 90 },
		{ "model": "block/flowers/oxeye_daisy/oxeye_daisy_1", "y": 180 },
		{ "model": "block/flowers/oxeye_daisy/oxeye_daisy_1", "y": 270 },
		{ "model": "block/flowers/oxeye_daisy/oxeye_daisy_2" },
		{ "model": "block/flowers/oxeye_daisy/oxeye_daisy_2", "y": 90 },
		{ "model": "block/flowers/oxeye_daisy/oxeye_daisy_2", "y": 180 },
		{ "model": "block/flowers/oxeye_daisy/oxeye_daisy_2", "y": 270 },
		{ "model": "block/flowers/oxeye_daisy/oxeye_daisy_3" },
		{ "model": "block/flowers/oxeye_daisy/oxeye_daisy_3", "y": 90 },
		{ "model": "block/flowers/oxeye_daisy/oxeye_daisy_3", "y": 180 },
		{ "model": "block/flowers/oxeye_daisy/oxeye_daisy_3", "y": 270 }
		]
    }
}
