{
    "__comment": "Blockstate created for Prime's HD Textures - Foliage Addon (2020)",
    "variants": {
        "": [
		{ "model": "block/mushrooms/red_mushroom1", "weight": 4},
		{ "model": "block/mushrooms/red_mushroom2", "weight": 2},
		{ "model": "block/mushrooms/red_mushroom2", "y": 90, "weight": 2},
		{ "model": "block/mushrooms/red_mushroom2", "y": 180, "weight": 2},
		{ "model": "block/mushrooms/red_mushroom2", "y": 270, "weight": 2},
		{ "model": "block/mushrooms/red_mushroom3"},
		{ "model": "block/mushrooms/red_mushroom3", "y": 90},
		{ "model": "block/mushrooms/red_mushroom3", "y": 180},
		{ "model": "block/mushrooms/red_mushroom3", "y": 270}
		]
    }
}
