{
    "__comment": "Blockstate created for Prime's HD Textures - Foliage Addon (2020)",
    "variants": {
        "": [
		{ "model": "block/seagrass/cattails0"},
		{ "model": "block/seagrass/cattails0", "y": 90},
		{ "model": "block/seagrass/cattails0", "y": 180},
		{ "model": "block/seagrass/cattails0", "y": 270},
		{ "model": "block/seagrass/cattails1"},
		{ "model": "block/seagrass/cattails1", "y": 90},
		{ "model": "block/seagrass/cattails1", "y": 180},
		{ "model": "block/seagrass/cattails1", "y": 270},
		{ "model": "block/seagrass/cattails2"},
		{ "model": "block/seagrass/cattails2", "y": 90},
		{ "model": "block/seagrass/cattails2", "y": 180},
		{ "model": "block/seagrass/cattails2", "y": 270}
		]
    }
}
