{
    "__comment": "Model created for Prime's HD Textures - Foliage Addon (2020)",
	"ambientocclusion": false,
    "textures": {
        "flower_cross": "#flower_cross",
        "flower": "#flower",
		"particle": "#flower"
    },
    "display": {
        "gui": {
            "rotation": [ 30, 45, 0 ],
            "translation": [ 0, 0, 0 ],
            "scale": [ 0.625, 0.625, 0.625 ]
        },
        "ground": {
            "rotation": [ 0, 0, 0 ],
            "translation": [ 0, 3, 0 ],
            "scale": [ 0.25, 0.25, 0.25 ]
        },
        "fixed": {
            "rotation": [ 0, 180, 0 ],
            "translation": [ 0, 0, 0 ],
            "scale": [ 1, 1, 1 ]
        },
        "head": {
            "rotation": [ 0, 180, 0 ],
            "translation": [ 0, 0, 0 ],
            "scale": [ 1, 1, 1 ]
        },
        "firstperson_righthand": {
            "rotation": [ 0, 315, 0 ],
            "translation": [ 0, 2.5, 0 ],
            "scale": [ 0.4, 0.4, 0.4 ]
        },
        "thirdperson_righthand": {
            "rotation": [ 75, 315, 0 ],
            "translation": [ 0, 2.5, 0 ],
            "scale": [ 0.375, 0.375, 0.375 ]
        }
    },
    "elements": [
        {
            "name": "Flower Cross",
            "from": [ 0, 0, 8 ], 
            "to": [ 16, 16, 8 ], 
			"shade": false,
            "rotation": { "origin": [ 8, 8, 8 ], "axis": "y", "angle": 45.0, "rescale": true },
            "faces": {
                "north": { "texture": "#flower_cross", "uv": [ 0, 0, 16, 16 ] },
                "south": { "texture": "#flower_cross", "uv": [ 0, 0, 16, 16 ] }
            }
        },
        {
            "name": "Flower Cross",
            "from": [ 0, 0, 8 ], 
            "to": [ 16, 16, 8 ], 
			"shade": false,
            "rotation": { "origin": [ 8, 8, 8 ], "axis": "y", "angle": -45.0, "rescale": true },
            "faces": {
                "north": { "texture": "#flower_cross", "uv": [ 0, 0, 16, 16 ] },
                "south": { "texture": "#flower_cross", "uv": [ 0, 0, 16, 16 ] }
            }
        },
		{
            "name": "Flower 1",
            "from": [ 0, 0, 3 ], 
            "to": [ 16, 16, 3 ], 
			"shade": false,
            "rotation": { "origin": [ 8, 8, 3 ], "axis": "y", "angle": -45.0 },
            "faces": {
                "north": { "texture": "#flower", "uv": [ 0, 0, 16, 16 ] },
                "south": { "texture": "#flower", "uv": [ 0, 0, 16, 16 ] }
            }
        },
        {
            "name": "Flower 1",
            "from": [ 0, 0, 3 ], 
            "to": [ 16, 16, 3 ], 
			"shade": false,
            "rotation": { "origin": [ 8, 8, 3 ], "axis": "y", "angle": 45.0 },
            "faces": {
                "north": { "texture": "#flower", "uv": [ 0, 0, 16, 16 ] },
                "south": { "texture": "#flower", "uv": [ 0, 0, 16, 16 ] }
            }
        },
        {
            "name": "Flower 2",
            "from": [ 0, -4, 12 ], 
            "to": [ 16, 12, 12 ], 
			"shade": false,
            "rotation": { "origin": [ 8, 8, 12 ], "axis": "y", "angle": 45.0 },
            "faces": {
                "north": { "texture": "#flower", "uv": [ 0, 0, 16, 16 ] },
                "south": { "texture": "#flower", "uv": [ 0, 0, 16, 16 ] }
            }
        },
        {
            "name": "Flower 2",
            "from": [ 0, -4, 12 ], 
            "to": [ 16, 12, 12 ], 
			"shade": false,
            "rotation": { "origin": [ 8, 8, 12 ], "axis": "y", "angle": -45.0 },
            "faces": {
                "north": { "texture": "#flower", "uv": [ 0, 0, 16, 16 ] },
                "south": { "texture": "#flower", "uv": [ 0, 0, 16, 16 ] }
            }
        },
        {
            "name": "Flower 3",
            "from": [ 6, -2, 8 ], 
            "to": [ 22, 14, 8 ], 
			"shade": false,
            "rotation": { "origin": [ 14, 8, 8 ], "axis": "y", "angle": -45.0 },
            "faces": {
                "north": { "texture": "#flower", "uv": [ 0, 0, 16, 16 ] },
                "south": { "texture": "#flower", "uv": [ 0, 0, 16, 16 ] }
            }
        },
        {
            "name": "Flower 3",
            "from": [ 6, -2, 8 ], 
            "to": [ 22, 14, 8 ], 
			"shade": false,
            "rotation": { "origin": [ 14, 8, 8 ], "axis": "y", "angle": 45.0 },
            "faces": {
                "north": { "texture": "#flower", "uv": [ 0, 0, 16, 16 ] },
                "south": { "texture": "#flower", "uv": [ 0, 0, 16, 16 ] }
            }
        },
        {
            "name": "Flower 4",
            "from": [ -6, 0, 8 ], 
            "to": [ 10, 16, 8 ], 
			"shade": false,
            "rotation": { "origin": [ 2, 8, 8 ], "axis": "y", "angle": 45.0 },
            "faces": {
                "north": { "texture": "#flower", "uv": [ 0, 0, 16, 16 ] },
                "south": { "texture": "#flower", "uv": [ 0, 0, 16, 16 ] }
            }
        },
        {
            "name": "Flower 4",
            "from": [ -6, 0, 8 ], 
            "to": [ 10, 16, 8 ], 
			"shade": false,
            "rotation": { "origin": [ 2, 8, 8 ], "axis": "y", "angle": -45.0 },
            "faces": {
                "north": { "texture": "#flower", "uv": [ 0, 0, 16, 16 ] },
                "south": { "texture": "#flower", "uv": [ 0, 0, 16, 16 ] }
            }
        }
    ]
}