{
	"credit": "Made with Blockbench",
	"textures": {
		"0": "foliage_addon/brown_mushroom_3d",
		"particle": "foliage_addon/brown_mushroom_3d"
	},
	"elements": [
		{
			"name": "Stem",
			"from": [7, 0, 7],
			"to": [9, 5, 9],
			"rotation": {"angle": 0, "axis": "y", "origin": [15, 8, 15]},
			"faces": {
				"north": {"uv": [7, 11.0625, 9, 16], "texture": "#0"},
				"east": {"uv": [7, 11.0625, 9, 16], "texture": "#0"},
				"south": {"uv": [7, 11.0625, 9, 16], "texture": "#0"},
				"west": {"uv": [7, 11.0625, 9, 16], "texture": "#0"},
				"up": {"uv": [7, 14.0625, 9, 16], "texture": "#0"},
				"down": {"uv": [7, 14.0625, 9, 16], "texture": "#0"}
			}
		},
		{
			"from": [4, 5, 4],
			"to": [12, 6, 12],
			"rotation": {"angle": 0, "axis": "y", "origin": [12, 6, 12]},
			"faces": {
				"north": {"uv": [0, 0, 8, 1], "texture": "#0"},
				"east": {"uv": [0, 0, 8, 1], "texture": "#0"},
				"south": {"uv": [0, 0, 8, 1], "texture": "#0"},
				"west": {"uv": [0, 0, 8, 1], "texture": "#0"},
				"up": {"uv": [0, 0, 8, 8], "texture": "#0"},
				"down": {"uv": [8.0625, 0, 16, 8], "texture": "#0"}
			}
		}
	]
}