{
	"credit": "Made with Blockbench",
	"textures": {
		"0": "foliage_addon/brown_mushroom_3d",
		"particle": "foliage_addon/brown_mushroom_3d"
	},
	"elements": [
		{
			"name": "Stem",
			"from": [4, 0, 10],
			"to": [6, 5, 12],
			"rotation": {"angle": 45, "axis": "y", "origin": [5, 3, 11]},
			"faces": {
				"north": {"uv": [7, 11.0625, 9, 16], "texture": "#0"},
				"east": {"uv": [7, 11.0625, 9, 16], "texture": "#0"},
				"south": {"uv": [7, 11.0625, 9, 16], "texture": "#0"},
				"west": {"uv": [7, 11.0625, 9, 16], "texture": "#0"},
				"up": {"uv": [7, 14.0625, 9, 16], "texture": "#0"},
				"down": {"uv": [7, 14.0625, 9, 16], "texture": "#0"}
			}
		},
		{
			"name": "Stem",
			"from": [11, -1, 5],
			"to": [12, 4, 6],
			"rotation": {"angle": -22.5, "axis": "x", "origin": [11.5, 0, 5.5]},
			"faces": {
				"north": {"uv": [7, 11.0625, 9, 16], "texture": "#0"},
				"east": {"uv": [7, 11.0625, 9, 16], "texture": "#0"},
				"south": {"uv": [7, 11.0625, 9, 16], "texture": "#0"},
				"west": {"uv": [7, 11.0625, 9, 16], "texture": "#0"},
				"up": {"uv": [7, 14.0625, 9, 16], "texture": "#0"},
				"down": {"uv": [7, 14.0625, 9, 16], "texture": "#0"}
			}
		},
		{
			"from": [1, 5, 7],
			"to": [9, 6, 15],
			"rotation": {"angle": 45, "axis": "y", "origin": [5, 6, 11]},
			"faces": {
				"north": {"uv": [0, 0, 8, 1], "texture": "#0"},
				"east": {"uv": [0, 0, 8, 1], "texture": "#0"},
				"south": {"uv": [0, 0, 8, 1], "texture": "#0"},
				"west": {"uv": [0, 0, 8, 1], "texture": "#0"},
				"up": {"uv": [0, 0, 8, 8], "texture": "#0"},
				"down": {"uv": [8.0625, 0, 16, 8], "texture": "#0"}
			}
		},
		{
			"from": [9, 3, 2],
			"to": [14, 4, 7],
			"rotation": {"angle": -22.5, "axis": "x", "origin": [11.5, 3, 4.5]},
			"faces": {
				"north": {"uv": [0, 0, 6, 1], "texture": "#0"},
				"east": {"uv": [0, 0, 6, 1], "texture": "#0"},
				"south": {"uv": [0, 0, 6, 1], "texture": "#0"},
				"west": {"uv": [0, 0, 6, 1], "texture": "#0"},
				"up": {"uv": [0, 0, 6, 6], "texture": "#0"},
				"down": {"uv": [8.0625, 0, 14.0625, 6], "texture": "#0"}
			}
		}
	]
}