{
	"credit": "Made with Blockbench",
	"textures": {
		"0": "foliage_addon/red_mushroom_3d",
		"particle": "foliage_addon/red_mushroom_3d"
	},
	"elements": [
		{
			"name": "stem",
			"from": [7, 0, 7],
			"to": [9, 3, 9],
			"rotation": {"angle": 0, "axis": "y", "origin": [15, 8, 15]},
			"faces": {
				"north": {"uv": [7, 13.0625, 9, 16], "texture": "#0"},
				"east": {"uv": [6.9375, 13.0625, 8.9375, 16], "texture": "#0"},
				"south": {"uv": [7, 13.0625, 9, 16], "texture": "#0"},
				"west": {"uv": [7, 13.0625, 9, 16], "texture": "#0"},
				"up": {"uv": [7, 13, 9, 15], "texture": "#0"},
				"down": {"uv": [7, 14.0625, 8.96875, 16], "texture": "#0"}
			}
		},
		{
			"name": "mushroom",
			"from": [5, 3, 5],
			"to": [11, 7, 11],
			"rotation": {"angle": 0, "axis": "y", "origin": [13, 11, 13]},
			"faces": {
				"north": {"uv": [0, 0, 6, 4], "texture": "#0"},
				"east": {"uv": [0, 0, 6, 4], "texture": "#0"},
				"south": {"uv": [0, 0, 6, 4], "texture": "#0"},
				"west": {"uv": [0, 0, 6, 4], "texture": "#0"},
				"up": {"uv": [0, 0, 6, 6], "texture": "#0"},
				"down": {"uv": [10.0625, 0, 16, 6], "texture": "#0"}
			}
		}
	]
}