{
	"credit": "Made with Blockbench",
	"texture_size": [512, 512],
	"textures": {
		"0": "foliage_addon/red_mushroom_3d",
		"particle": "foliage_addon/red_mushroom_3d"
	},
	"elements": [
		{
			"name": "stem",
			"from": [10, 0, 10],
			"to": [12, 3, 12],
			"rotation": {"angle": 45, "axis": "y", "origin": [11, 2, 11]},
			"faces": {
				"north": {"uv": [7, 13.0625, 9, 16], "texture": "#0"},
				"east": {"uv": [7, 13.0625, 9, 16], "texture": "#0"},
				"south": {"uv": [7.03125, 13.0625, 8.9375, 16], "texture": "#0"},
				"west": {"uv": [7, 13.0625, 9, 16], "texture": "#0"},
				"up": {"uv": [7, 13, 9, 15], "rotation": 90, "texture": "#0"},
				"down": {"uv": [7, 14.0625, 8.96875, 16], "rotation": 270, "texture": "#0"}
			}
		},
		{
			"name": "stem",
			"from": [3, -1, 3],
			"to": [5, 2, 5],
			"rotation": {"angle": 22.5, "axis": "z", "origin": [4, 2, 4]},
			"faces": {
				"north": {"uv": [7, 13.0625, 9, 16], "texture": "#0"},
				"east": {"uv": [7.0625, 13.0625, 9, 16], "texture": "#0"},
				"south": {"uv": [7, 13.0625, 9, 16], "texture": "#0"},
				"west": {"uv": [7, 13.0625, 9, 16], "texture": "#0"},
				"up": {"uv": [7, 13, 9, 15], "texture": "#0"},
				"down": {"uv": [7, 14.0625, 8.96875, 16], "texture": "#0"}
			}
		},
		{
			"name": "mushroom",
			"from": [8, 3, 8],
			"to": [14, 7, 14],
			"rotation": {"angle": 45, "axis": "y", "origin": [11, 3, 11]},
			"faces": {
				"north": {"uv": [0, 0, 6, 4], "texture": "#0"},
				"east": {"uv": [0, 0, 6, 4], "texture": "#0"},
				"south": {"uv": [0, 0, 6, 4], "texture": "#0"},
				"west": {"uv": [0, 0, 6, 4], "texture": "#0"},
				"up": {"uv": [0, 0, 6, 6], "rotation": 90, "texture": "#0"},
				"down": {"uv": [10.0625, 0, 16, 6], "rotation": 270, "texture": "#0"}
			}
		},
		{
			"name": "mushroom",
			"from": [2, 2, 2],
			"to": [6, 4, 6],
			"rotation": {"angle": 22.5, "axis": "z", "origin": [4, 2, 4]},
			"faces": {
				"north": {"uv": [1.15625, 4, 5.15625, 6], "texture": "#0"},
				"east": {"uv": [0, 0, 4, 2], "texture": "#0"},
				"south": {"uv": [0, 3.9375, 4, 5.9375], "texture": "#0"},
				"west": {"uv": [1.9375, 1.40625, 5.9375, 3.40625], "texture": "#0"},
				"up": {"uv": [0, 0, 4, 4], "texture": "#0"},
				"down": {"uv": [12, 0, 16, 4], "texture": "#0"}
			}
		}
	]
}