{
	"credit": "Made with Blockbench",
	"textures": {
		"0": "block/soul_torch_custom",
		"particle": "block/soul_torch"
	},
	"elements": [
		{
			"from": [7, 1, 7],
			"to": [9, 10, 9],
			"faces": {
				"north": {"uv": [8, 0, 10, 9], "texture": "#0"},
				"east": {"uv": [1, 0, 3, 9], "texture": "#0"},
				"south": {"uv": [8, 0, 10, 9], "texture": "#0"},
				"west": {"uv": [1, 0, 3, 9], "texture": "#0"},
				"up": {"uv": [4, 3, 6, 5], "rotation": 90, "texture": "#0"},
				"down": {"uv": [4, 5, 8, 9], "texture": "#0"}
			}
		},
		{
			"from": [6, 0, 6],
			"to": [10, 1, 10],
			"rotation": {"angle": 0, "axis": "y", "origin": [14, 8, 16]},
			"faces": {
				"north": {"uv": [0, 9, 4, 10], "texture": "#0"},
				"east": {"uv": [0, 9, 4, 10], "texture": "#0"},
				"south": {"uv": [0, 9, 4, 10], "texture": "#0"},
				"west": {"uv": [0, 9, 4, 10], "texture": "#0"},
				"up": {"uv": [4, 5, 8, 9], "texture": "#0"},
				"down": {"uv": [4, 5, 8, 9], "texture": "#0"}
			}
		},
		{
			"from": [6.5, 7, 6.5],
			"to": [9.5, 8, 9.5],
			"faces": {
				"north": {"uv": [0, 2, 3, 3], "texture": "#0"},
				"east": {"uv": [0, 2, 3, 3], "texture": "#0"},
				"south": {"uv": [0, 2, 3, 3], "texture": "#0"},
				"west": {"uv": [0, 2, 3, 3], "texture": "#0"},
				"up": {"uv": [5, 5, 8, 8], "texture": "#0"},
				"down": {"uv": [4, 6, 7, 9], "texture": "#0"}
			}
		}
	]
}