{
	"credit": "Made with Blockbench",
	"textures": {
		"0": "block/soul_torch_custom",
		"particle": "block/soul_torch"
	},
	"elements": [
		{
			"from": [0, 4.5, 6],
			"to": [1, 8.5, 10],
			"rotation": {"angle": 0, "axis": "y", "origin": [8, 12.5, 18]},
			"faces": {
				"north": {"uv": [0, 9, 4, 10], "rotation": 90, "texture": "#0"},
				"east": {"uv": [4, 5, 8, 9], "texture": "#0"},
				"south": {"uv": [0, 9, 4, 10], "rotation": 90, "texture": "#0"},
				"west": {"uv": [4, 5, 8, 9], "texture": "#0"},
				"up": {"uv": [0, 9, 4, 10], "rotation": 90, "texture": "#0"},
				"down": {"uv": [0, 9, 4, 10], "rotation": 90, "texture": "#0"}
			}
		},
		{
			"from": [1, 5.5, 6],
			"to": [5, 6.5, 10],
			"rotation": {"angle": 0, "axis": "y", "origin": [9, 12.5, 18]},
			"faces": {
				"north": {"uv": [0, 9, 4, 10], "texture": "#0"},
				"east": {"uv": [0, 9, 4, 10], "texture": "#0"},
				"south": {"uv": [0, 9, 4, 10], "texture": "#0"},
				"west": {"uv": [0, 9, 4, 10], "texture": "#0"},
				"up": {"uv": [4, 5, 8, 9], "texture": "#0"},
				"down": {"uv": [4, 5, 8, 9], "texture": "#0"}
			}
		},
		{
			"from": [4, 3.5, 7],
			"to": [6, 12.5, 9],
			"rotation": {"angle": -22.5, "axis": "z", "origin": [5, 11.5, 8]},
			"faces": {
				"north": {"uv": [1, 0, 3, 9], "texture": "#0"},
				"east": {"uv": [8, 0, 10, 9], "texture": "#0"},
				"south": {"uv": [1, 0, 3, 9], "texture": "#0"},
				"west": {"uv": [8, 0, 10, 9], "texture": "#0"},
				"up": {"uv": [4, 3, 6, 5], "texture": "#0"},
				"down": {"uv": [1, 8, 3, 10], "texture": "#0"}
			}
		},
		{
			"from": [3.5, 9.5, 6.5],
			"to": [6.5, 10.5, 9.5],
			"rotation": {"angle": -22.5, "axis": "z", "origin": [5, 11.5, 8]},
			"faces": {
				"north": {"uv": [0, 2, 3, 3], "texture": "#0"},
				"east": {"uv": [0, 2, 3, 3], "texture": "#0"},
				"south": {"uv": [0, 2, 3, 3], "texture": "#0"},
				"west": {"uv": [0, 2, 3, 3], "texture": "#0"},
				"up": {"uv": [5, 6, 8, 9], "texture": "#0"},
				"down": {"uv": [4, 5, 7, 8], "texture": "#0"}
			}
		}
	],
	"groups": [
		0,
		1,
		{
			"name": "group",
			"origin": [15, 8, 15],
			"color": 0,
			"children": [2, 3]
		}
	]
}