{
    "__comment": "Model created for Prime's HD Textures - Foliage Addon (2020)",
    "ambientocclusion": false,
    "textures": {
        "oxeye_daisy_3d": "minecraft:foliage_addon/flowers/oxeye_daisy_3d",
		"particle": "minecraft:foliage_addon/flowers/oxeye_daisy_3d"
    },
    "display": {
        "gui": {
            "rotation": [ 30, 45, 0 ],
            "translation": [ 0, 0, 0 ],
            "scale": [ 0.625, 0.625, 0.625 ]
        },
        "ground": {
            "rotation": [ 0, 0, 0 ],
            "translation": [ 0, 3, 0 ],
            "scale": [ 0.25, 0.25, 0.25 ]
        },
        "fixed": {
            "rotation": [ 0, 180, 0 ],
            "translation": [ 0, 0, 0 ],
            "scale": [ 1, 1, 1 ]
        },
        "head": {
            "rotation": [ 0, 180, 0 ],
            "translation": [ 0, 0, 0 ],
            "scale": [ 1, 1, 1 ]
        },
        "firstperson_righthand": {
            "rotation": [ 0, 315, 0 ],
            "translation": [ 0, 2.5, 0 ],
            "scale": [ 0.4, 0.4, 0.4 ]
        },
        "thirdperson_righthand": {
            "rotation": [ 75, 315, 0 ],
            "translation": [ 0, 2.5, 0 ],
            "scale": [ 0.375, 0.375, 0.375 ]
        }
    },
    "elements": [
        {
            "name": "Stem",
            "from": [ 8, -3, 12 ], 
            "to": [ 16, 9, 12 ], 
            "shade": false,
            "rotation": { "origin": [ 12, 8, 12 ], "axis": "y", "angle": 45.0, "rescale": true },
            "faces": {
                "north": { "texture": "#oxeye_daisy_3d", "uv": [ 0, 4, 8, 16 ] },
                "south": { "texture": "#oxeye_daisy_3d", "uv": [ 0, 4, 8, 16 ] }
            }
        },
        {
            "name": "Flower",
            "from": [ 12, 4, 8 ], 
            "to": [ 12, 12, 16 ], 
            "shade": false,
            "rotation": { "origin": [ 12, 8, 12 ], "axis": "z", "angle": 45.0 },
            "faces": {
                "east": { "texture": "#oxeye_daisy_3d", "uv": [ 8, 8, 16, 16 ] },
                "west": { "texture": "#oxeye_daisy_3d", "uv": [ 8, 0, 16, 8 ] }
            }
        },
        {
            "name": "Stem",
            "from": [ 8, -3, 12 ], 
            "to": [ 16, 9, 12 ], 
            "shade": false,
            "rotation": { "origin": [ 12, 8, 12 ], "axis": "y", "angle": -45.0, "rescale": true },
            "faces": {
                "north": { "texture": "#oxeye_daisy_3d", "uv": [ 0, 4, 8, 16 ] },
                "south": { "texture": "#oxeye_daisy_3d", "uv": [ 0, 4, 8, 16 ] }
            }
        },
        {
            "name": "Stem",
            "from": [ 1, -6, 6 ], 
            "to": [ 9, 6, 6 ], 
            "shade": false,
            "rotation": { "origin": [ 5, 5, 6 ], "axis": "y", "angle": 45.0, "rescale": true },
            "faces": {
                "north": { "texture": "#oxeye_daisy_3d", "uv": [ 0, 4, 8, 16 ] },
                "south": { "texture": "#oxeye_daisy_3d", "uv": [ 0, 4, 8, 16 ] }
            }
        },
        {
            "name": "Stem",
            "from": [ 1, -5, 6 ], 
            "to": [ 9, 7, 6 ], 
            "shade": false,
            "rotation": { "origin": [ 5, 5, 6 ], "axis": "y", "angle": -45.0, "rescale": true },
            "faces": {
                "north": { "texture": "#oxeye_daisy_3d", "uv": [ 0, 4, 8, 16 ] },
                "south": { "texture": "#oxeye_daisy_3d", "uv": [ 0, 4, 8, 16 ] }
            }
        },
        {
            "name": "Flower",
            "from": [ 5, 1, 2 ], 
            "to": [ 5, 9, 10 ], 
            "shade": false,
            "rotation": { "origin": [ 5, 5, 6 ], "axis": "z", "angle": -45.0 },
            "faces": {
                "east": { "texture": "#oxeye_daisy_3d", "uv": [ 8, 0, 16, 8 ] },
                "west": { "texture": "#oxeye_daisy_3d", "uv": [ 8, 8, 16, 16 ] }
            }
        },
        {
            "name": "Stem",
            "from": [ 0, 0, 13 ], 
            "to": [ 8, 3, 13 ], 
            "shade": false,
            "rotation": { "origin": [ 4, 5, 13 ], "axis": "y", "angle": 45.0, "rescale": true },
            "faces": {
                "north": { "texture": "#oxeye_daisy_3d", "uv": [ 0, 10, 8, 13 ] },
                "south": { "texture": "#oxeye_daisy_3d", "uv": [ 0, 10, 8, 13 ] }
            }
        },
        {
            "name": "Flower",
            "from": [ 0, 3, 9 ], 
            "to": [ 8, 3, 17 ], 
            "shade": false,
            "faces": {
                "up": { "texture": "#oxeye_daisy_3d", "uv": [ 8, 8, 16, 16 ] },
                "down": { "texture": "#oxeye_daisy_3d", "uv": [ 8, 0, 16, 8 ] }
            }
        },
        {
            "name": "Stem",
            "from": [ 8, 0, 3 ], 
            "to": [ 16, 2, 3 ], 
            "shade": false,
            "rotation": { "origin": [ 12, 1, 3 ], "axis": "y", "angle": 45.0, "rescale": true },
            "faces": {
                "north": { "texture": "#oxeye_daisy_3d", "uv": [ 0, 8, 8, 10 ] },
                "south": { "texture": "#oxeye_daisy_3d", "uv": [ 0, 8, 8, 10 ] }
            }
        },
        {
            "name": "Stem",
            "from": [ 8, 0, 3 ], 
            "to": [ 16, 2, 3 ], 
            "shade": false,
            "rotation": { "origin": [ 12, 1, 3 ], "axis": "y", "angle": -45.0, "rescale": true },
            "faces": {
                "north": { "texture": "#oxeye_daisy_3d", "uv": [ 0, 8, 8, 10 ] },
                "south": { "texture": "#oxeye_daisy_3d", "uv": [ 0, 8, 8, 10 ] }
            }
        },
        {
            "name": "Stem",
            "from": [ 0, 0, 13 ], 
            "to": [ 8, 3, 13 ], 
            "shade": false,
            "rotation": { "origin": [ 4, 5, 13 ], "axis": "y", "angle": -45.0, "rescale": true },
            "faces": {
                "north": { "texture": "#oxeye_daisy_3d", "uv": [ 0, 10, 8, 13 ] },
                "south": { "texture": "#oxeye_daisy_3d", "uv": [ 0, 10, 8, 13 ] }
            }
        },
        {
            "name": "Flower",
            "from": [ 8, 2, -1 ], 
            "to": [ 16, 2, 7 ], 
            "shade": false,
            "faces": {
                "up": { "texture": "#oxeye_daisy_3d", "uv": [ 8, 8, 16, 16 ] },
                "down": { "texture": "#oxeye_daisy_3d", "uv": [ 8, 0, 16, 8 ] }
            }
        }
    ]
}