{
    "__comment": "Model created for Prime's HD Textures - Foliage Addon (2020)",
    "ambientocclusion": false,
    "textures": {
        "oxeye_daisy_3d": "minecraft:foliage_addon/flowers/oxeye_daisy_3d",
		"particle": "minecraft:foliage_addon/flowers/oxeye_daisy_3d"
    },
    "display": {
        "gui": {
            "rotation": [ 30, 45, 0 ],
            "translation": [ 0, 0, 0 ],
            "scale": [ 0.625, 0.625, 0.625 ]
        },
        "ground": {
            "rotation": [ 0, 0, 0 ],
            "translation": [ 0, 3, 0 ],
            "scale": [ 0.25, 0.25, 0.25 ]
        },
        "fixed": {
            "rotation": [ 0, 180, 0 ],
            "translation": [ 0, 0, 0 ],
            "scale": [ 1, 1, 1 ]
        },
        "head": {
            "rotation": [ 0, 180, 0 ],
            "translation": [ 0, 0, 0 ],
            "scale": [ 1, 1, 1 ]
        },
        "firstperson_righthand": {
            "rotation": [ 0, 315, 0 ],
            "translation": [ 0, 2.5, 0 ],
            "scale": [ 0.4, 0.4, 0.4 ]
        },
        "thirdperson_righthand": {
            "rotation": [ 75, 315, 0 ],
            "translation": [ 0, 2.5, 0 ],
            "scale": [ 0.375, 0.375, 0.375 ]
        }
    },
    "elements": [
        {
            "name": "Stem",
            "from": [ 4, 0, 8 ], 
            "to": [ 12, 12, 8 ], 
            "shade": false,
            "rotation": { "origin": [ 8, 8, 8 ], "axis": "y", "angle": -45.0, "rescale": true },
            "faces": {
                "north": { "texture": "#oxeye_daisy_3d", "uv": [ 0, 4, 8, 16 ] },
                "south": { "texture": "#oxeye_daisy_3d", "uv": [ 0, 4, 8, 16 ] }
            }
        },
        {
            "name": "Stem",
            "from": [ 8, 0, 4 ], 
            "to": [ 8, 12, 12 ], 
            "shade": false,
            "rotation": { "origin": [ 8, 8, 8 ], "axis": "y", "angle": -45.0, "rescale": true },
            "faces": {
                "east": { "texture": "#oxeye_daisy_3d", "uv": [ 0, 4, 8, 16 ] },
                "west": { "texture": "#oxeye_daisy_3d", "uv": [ 0, 4, 8, 16 ] }
            }
        },
        {
            "name": "Flower",
            "from": [ 8, 7, 4 ], 
            "to": [ 8, 15, 12 ], 
            "shade": false,
            "rotation": { "origin": [ 8, 11, 8 ], "axis": "z", "angle": 45.0 },
            "faces": {
                "east": { "texture": "#oxeye_daisy_3d", "uv": [ 8, 8, 16, 16 ] },
                "west": { "texture": "#oxeye_daisy_3d", "uv": [ 8, 0, 16, 8 ] }
            }
        }
    ]
}